player,pos,team,opp,game,note,p_active,ev_pts,median_if_active,p25,p75,p90,mean_if_active,injury,team_implied_pts,proxy,fg_made_mean,xp_made_mean,sacks_mean,takeaways_mean,pa_mean
Baker Mayfield,QB,TB,DAL,TB@DAL,,0.0,0.0,0.0,0.0,0.0,0.0,0.0,Out (DNP),19.5181,False,,,,,
Jalon Daniels,QB,TB,DAL,TB@DAL,,1.0,14.439136040044907,13.79916603632692,9.485401367517525,18.683743043452715,23.683767955735682,14.439136040044907,-,19.5181,False,,,,,
Payne Durham,TE,TB,DAL,TB@DAL,,1.0,0.5289106604177924,0.0,0.0,0.0,2.09398354823752,0.5289106604177924,-,19.5181,False,,,,,
Emeka Egbuka,WR,TB,DAL,TB@DAL,,1.0,10.89449431549846,10.001586770557642,6.221130500474216,14.595610644005466,19.443529996828826,10.89449431549846,-,19.5181,False,,,,,
Kenny Gainwell,RB,TB,DAL,TB@DAL,,1.0,7.113316308422133,6.335607177742081,3.696998063860155,9.747961324529918,13.26750456051702,7.113316308422133,-,19.5181,False,,,,,
Chris Godwin Jr.,WR,TB,DAL,TB@DAL,,1.0,8.094047862768397,7.298659690646192,4.263629206496029,11.033545763975644,15.031876123929766,8.094047862768397,-,19.5181,False,,,,,
Ted Hurst III,WR,TB,DAL,TB@DAL,,1.0,6.821914062797584,6.0,3.047346693773188,9.62791621696821,13.547183367465943,6.821914062797584,-,19.5181,False,,,,,
Bucky Irving,RB,TB,DAL,TB@DAL,,1.0,14.318402207778723,13.593271470686883,9.578785351250351,18.189703995183578,22.961869335002415,14.318402207778723,-,19.5181,False,,,,,
Kameron Johnson,WR,TB,DAL,TB@DAL,,1.0,1.002487536044157,0.0,0.0,1.6347945803515083,3.5134792491210898,1.002487536044157,-,19.5181,False,,,,,
Tez Johnson,WR,TB,DAL,TB@DAL,,1.0,4.113125094415866,3.223162170629095,1.2520348205878835,6.0,9.395820565667833,4.113125094415866,-,19.5181,False,,,,,
Ko Kieft,TE,TB,DAL,TB@DAL,,0.9479829842591244,0.3189499556458899,0.0,0.0,0.0,1.5125710020747596,0.33645113988534125,no game designation yet (Full),19.5181,False,,,,,
Jalen McMillan,WR,TB,DAL,TB@DAL,,0.0,0.0,0.0,0.0,0.0,0.0,0.0,Out (),19.5181,False,,,,,
Cade Otton,TE,TB,DAL,TB@DAL,,1.0,10.942701186172272,10.122232973174553,6.516994493552901,14.423276604330221,19.118971475172682,10.942701186172272,-,19.5181,False,,,,,
Bauer Sharp,TE,TB,DAL,TB@DAL,,1.0,0.22835285029813776,0.0,0.0,0.0,0.0,0.22835285029813776,-,19.5181,False,,,,,
Sean Tucker,RB,TB,DAL,TB@DAL,,1.0,1.4131754065047923,0.5668687685645544,0.0,1.8498765116049585,4.276213123369658,1.4131754065047923,-,19.5181,False,,,,,
Josh Williams,RB,TB,DAL,TB@DAL,,1.0,0.21529308679773634,0.0,0.0,0.0,0.0,0.21529308679773634,-,19.5181,False,,,,,
Dak Prescott,QB,DAL,TB,TB@DAL,,1.0,16.78155666696053,16.23959747637074,11.335105596937808,21.54032656372889,26.80336285024241,16.78155666696053,-,28.0566,False,,,,,
Emari Demercado,RB,DAL,TB,TB@DAL,,1.0,2.7693899423818804,1.7742297298123821,0.6510505599414733,3.8271064000049524,7.111697357701165,2.7693899423818804,-,28.0566,False,,,,,
Jake Ferguson,TE,DAL,TB,TB@DAL,,1.0,7.784647013083203,6.985760339322555,3.8495863438832734,10.788106725373478,14.86142687779478,7.784647013083203,-,28.0566,False,,,,,
Ryan Flournoy,WR,DAL,TB,TB@DAL,,1.0,8.256917005634069,7.3766973050909765,4.080498820836803,11.462240884105958,15.614456037112594,8.256917005634069,-,28.0566,False,,,,,
Tyler Goodson,RB,DAL,TB,TB@DAL,,0.9508674235277402,3.116352329333222,2.2676028339413024,0.9361626585215806,4.746912863411955,7.768747841614267,3.2773783728666217,no game designation yet (Full),28.0566,False,,,,,
CeeDee Lamb,WR,DAL,TB,TB@DAL,,0.9479829842591244,16.471810505958032,16.27904833870605,11.350582783207896,22.256482099345074,28.540662340196782,17.375639414911248,no game designation yet (Full),28.0566,False,,,,,
Hunter Luepke,RB,DAL,TB,TB@DAL,,1.0,1.1600591027297384,0.2724371115487323,0.0,1.6212666040045551,3.4530531293248377,1.1600591027297384,-,28.0566,False,,,,,
Jonathan Mingo,WR,DAL,TB,TB@DAL,,0.4981574884199691,0.6068333041456252,0.0,0.0,1.8948171007712666,3.9965125686323,1.2181555396674826,Questionable (DNP),28.0566,False,,,,,
George Pickens,WR,DAL,TB,TB@DAL,,1.0,12.91206740514662,11.972422409554554,7.674237035549439,17.002587468809676,22.4827492145023,12.91206740514662,-,28.0566,False,,,,,
Luke Schoonmaker,TE,DAL,TB,TB@DAL,,1.0,1.2406861116241954,0.0,0.0,1.9060636212723898,3.9082104145631775,1.2406861116241954,-,28.0566,False,,,,,
Brevyn Spann-Ford,TE,DAL,TB,TB@DAL,,1.0,1.8033697872671626,1.225359662556656,0.0,2.77266898597484,5.211086451122915,1.8033697872671626,-,28.0566,False,,,,,
KaVontae Turpin,WR,DAL,TB,TB@DAL,,1.0,2.9836146981691223,1.9614299017161636,0.0,4.72526363688665,7.6704190558624745,2.9836146981691223,-,28.0566,False,,,,,
Javonte Williams,RB,DAL,TB,TB@DAL,,1.0,15.40441905831341,14.537362554014049,10.04624518776785,19.94020619495362,25.283950004631176,15.40441905831341,-,28.0566,False,,,,,
Jalen Hurts,QB,PHI,JAX,PHI@JAX,INTL neutral site,1.0,14.787160528259587,14.228954711198181,9.737694436874108,19.184640573532082,24.09834696004924,14.787160528259587,-,17.76235,False,,,,,
Saquon Barkley,RB,PHI,JAX,PHI@JAX,INTL neutral site,1.0,10.787196092676176,9.892508630755174,6.687330138418771,14.020603403766858,18.191434868988473,10.787196092676176,-,17.76235,False,,,,,
Tank Bigsby,RB,PHI,JAX,PHI@JAX,INTL neutral site,0.0,0.0,0.0,0.0,0.0,0.0,0.0,Out (),17.76235,False,,,,,
Marquise Brown,WR,PHI,JAX,PHI@JAX,INTL neutral site,1.0,3.0963826085340598,2.240603985597195,0.12982187598526745,4.792649016462501,7.584309365577168,3.0963826085340598,-,17.76235,False,,,,,
Darius Cooper,WR,PHI,JAX,PHI@JAX,INTL neutral site,1.0,3.1518604268879087,2.0670935795545935,0.0,5.303755461397442,7.991064112569784,3.1518604268879087,-,17.76235,False,,,,,
Britain Covey,WR,PHI,JAX,PHI@JAX,INTL neutral site,1.0,0.32772136493284276,0.0,0.0,0.0,1.373150613497468,0.32772136493284276,-,17.76235,False,,,,,
Zach Ertz,TE,PHI,JAX,PHI@JAX,INTL neutral site,1.0,5.637106192092657,4.802077617009433,2.3594596228059563,8.0710217223039,11.557337023014066,5.637106192092657,-,17.76235,False,,,,,
Dallas Goedert,TE,PHI,JAX,PHI@JAX,INTL neutral site,1.0,6.945921710407993,6.018077203860637,3.3069864228523036,9.718265780869276,13.559772088318185,6.945921710407993,-,17.76235,False,,,,,
E.J. Jenkins,TE,PHI,JAX,PHI@JAX,INTL neutral site,1.0,0.13661860522899005,0.0,0.0,0.0,0.0,0.13661860522899005,-,17.76235,False,,,,,
Makai Lemon,WR,PHI,JAX,PHI@JAX,INTL neutral site,1.0,6.133042730533759,5.373900499644657,2.7319859279182674,8.635613137763595,12.255731434655997,6.133042730533759,-,17.76235,False,,,,,
Johnny Mundt,TE,PHI,JAX,PHI@JAX,INTL neutral site,1.0,1.1794492334499482,0.0,0.0,1.8603189918155416,3.7630457050009247,1.1794492334499482,-,17.76235,False,,,,,
Will Shipley,RB,PHI,JAX,PHI@JAX,INTL neutral site,1.0,3.4917524504114756,2.59408724196214,1.0807612441413261,5.079336301835288,8.032147029246635,3.4917524504114756,-,17.76235,False,,,,,
DeVonta Smith,WR,PHI,JAX,PHI@JAX,INTL neutral site,1.0,12.273817916093856,11.352172994977055,7.312653705563566,16.288011970027725,21.49111585751082,12.273817916093856,-,17.76235,False,,,,,
Dontayvion Wicks,WR,PHI,JAX,PHI@JAX,INTL neutral site,1.0,7.90540327009144,7.0482802198417245,3.717187938260701,11.088497958009818,15.405195034724695,7.90540327009144,-,17.76235,False,,,,,
Trevor Lawrence,QB,JAX,PHI,PHI@JAX,INTL neutral site,1.0,14.57007118495925,13.91133778131756,9.590525752863167,18.87313632959136,23.77424242559579,14.57007118495925,-,24.82965,False,,,,,
Ameer Abdullah,RB,JAX,PHI,PHI@JAX,INTL neutral site,1.0,2.7481728346224172,1.86084938063135,0.5467502663745302,3.9534331232936877,6.91923326356159,2.7481728346224172,-,24.82965,False,,,,,
LeQuint Allen Jr.,RB,JAX,PHI,PHI@JAX,INTL neutral site,0.9508674235277402,1.3253488371613755,0.2473449204732015,0.0,1.937788134463569,4.234304831338831,1.3938313632034007,no game designation yet (Full),24.82965,False,,,,,
Nate Boerkircher,TE,JAX,PHI,PHI@JAX,INTL neutral site,1.0,1.8355061649913935,1.1591687171754232,0.0,2.8138000611742893,5.837849570066885,1.8355061649913935,-,24.82965,False,,,,,
Josh Cameron,WR,JAX,PHI,PHI@JAX,INTL neutral site,1.0,3.281220009586857,2.2654500336663568,0.0,5.224760658452892,8.114435555435016,3.281220009586857,-,24.82965,False,,,,,
Jakobi Meyers,WR,JAX,PHI,PHI@JAX,INTL neutral site,0.9479829842591244,9.186387023054321,8.83023915138676,5.340155050015305,13.130916106966117,17.572327567626537,9.690455604784662,no game designation yet (Full),24.82965,False,,,,,
Quintin Morris,TE,JAX,PHI,PHI@JAX,INTL neutral site,1.0,1.035457614887861,0.0,0.0,1.6514419189296512,3.4052936769936055,1.035457614887861,-,24.82965,False,,,,,
Chris Rodriguez Jr.,RB,JAX,PHI,PHI@JAX,INTL neutral site,1.0,5.305059031819972,3.9465020650336875,2.041117461790313,7.914373593316044,11.019900746190887,5.305059031819972,-,24.82965,False,,,,,
Brenton Strange,TE,JAX,PHI,PHI@JAX,INTL neutral site,1.0,9.222293091070535,8.386525829475215,5.096710923269118,12.503823183510603,16.68209635497788,9.222293091070535,-,24.82965,False,,,,,
Brian Thomas Jr.,WR,JAX,PHI,PHI@JAX,INTL neutral site,1.0,7.915874350088692,6.987958574065154,3.834226012036457,10.965286494710018,15.321917983643363,7.915874350088692,-,24.82965,False,,,,,
Bhayshul Tuten,RB,JAX,PHI,PHI@JAX,INTL neutral site,1.0,12.388046280856317,11.571301295565199,7.590804969931872,16.217465190432495,20.894077006613685,12.388046280856317,-,24.82965,False,,,,,
Parker Washington,WR,JAX,PHI,PHI@JAX,INTL neutral site,1.0,12.028878652331734,11.104090460268637,7.0044769807905265,15.982372125976338,21.069687082591756,12.028878652331734,-,24.82965,False,,,,,
Caleb Williams,QB,CHI,GB,CHI@GB,,0.98,16.601079183637587,15.949994281479547,11.055285515258342,21.73720291661311,27.79763711641473,16.93987671799754,no game designation yet (DNP),23.44355,False,,,,,
Luther Burden III,WR,CHI,GB,CHI@GB,,1.0,10.853278354432769,9.897613170635452,6.195217462053801,14.528008746953851,19.285889504633733,10.853278354432769,-,23.44355,False,,,,,
Kaden Davis,WR,CHI,GB,CHI@GB,,1.0,0.4898676931856693,0.0,0.0,0.0,2.001204308140539,0.4898676931856693,-,23.44355,False,,,,,
Roschon Johnson,RB,CHI,GB,CHI@GB,,1.0,1.6539359450196331,0.6235488541198755,0.0,2.135350146262209,6.0,1.6539359450196331,-,23.44355,False,,,,,
Cole Kmet,TE,CHI,GB,CHI@GB,,1.0,3.2137774827197427,2.4419730460130245,0.0,4.839600212507074,7.5910915564160675,3.2137774827197427,-,23.44355,False,,,,,
Colston Loveland,TE,CHI,GB,CHI@GB,,1.0,8.00064943963194,7.215950932081835,4.154738629378211,10.904964552596102,15.066836710593694,8.00064943963194,-,23.44355,False,,,,,
Kyle Monangai,RB,CHI,GB,CHI@GB,,0.5949864089398973,7.215158912526918,11.032367655320964,6.790057984827206,16.187340904526614,21.745155219650577,12.126594497145495,no game designation yet (DNP),23.44355,False,,,,,
Rome Odunze,WR,CHI,GB,CHI@GB,,1.0,10.07657796037184,9.156911325117324,5.539794559653071,13.63083441971516,18.37237540853038,10.07657796037184,-,23.44355,False,,,,,
Kalif Raymond,WR,CHI,GB,CHI@GB,,1.0,8.351160997059042,7.49292699179472,4.359557890512542,11.457566919649793,15.590954461656695,8.351160997059042,-,23.44355,False,,,,,
Sam Roush,TE,CHI,GB,CHI@GB,,1.0,1.5791782588273895,0.0,0.0,2.3943779938688037,4.697936798871991,1.5791782588273895,-,23.44355,False,,,,,
D'Andre Swift,RB,CHI,GB,CHI@GB,,0.5949864089398973,9.742658313165723,15.452428017816963,10.733948708998255,20.93399338066049,26.49203071920035,16.374589682686146,no game designation yet (DNP),23.44355,False,,,,,
Zavion Thomas,WR,CHI,GB,CHI@GB,,1.0,0.5915268254244993,0.0,0.0,0.0,2.31409952552812,0.5915268254244993,-,23.44355,False,,,,,
Jahdae Walker,WR,CHI,GB,CHI@GB,,1.0,1.3882639397633314,0.0,0.0,2.179915137211016,4.489362432872856,1.3882639397633314,-,23.44355,False,,,,,
Jordan Love,QB,GB,CHI,CHI@GB,,1.0,15.19527823362318,14.636720892143416,9.850153719276289,19.892305542147437,24.882479120277548,15.19527823362318,-,21.83525,False,,,,,
Chris Brooks,RB,GB,CHI,CHI@GB,,0.5949864089398973,2.5535253992821194,3.3738603678459405,1.620675175725683,6.251377724579507,9.166313573398554,4.291737358894974,no game designation yet (DNP),21.83525,False,,,,,
Matthew Golden,WR,GB,CHI,CHI@GB,,1.0,12.371262485167266,11.417117876238738,7.220282313326829,16.554395806249744,21.72778060834202,12.371262485167266,-,21.83525,False,,,,,
Kaleb Johnson,RB,GB,CHI,CHI@GB,,1.0,4.0761365454413285,3.0137121414201866,1.5765055370762606,5.8170300386007945,8.9131017463167,4.0761365454413285,-,21.83525,False,,,,,
Tucker Kraft,TE,GB,CHI,CHI@GB,,1.0,11.707135142231536,10.808790926768987,6.858809584712556,15.563960657072567,20.638397335416634,11.707135142231536,-,21.83525,False,,,,,
MarShawn Lloyd,RB,GB,CHI,CHI@GB,,1.0,9.987793506037463,9.186543231551704,5.737838496631458,13.315500256201329,17.554838935797296,9.987793506037463,-,21.83525,False,,,,,
Bo Melton,WR,GB,CHI,CHI@GB,,1.0,1.8804200678784153,0.0,0.0,2.9654837982659146,5.75993526593141,1.8804200678784153,-,21.83525,False,,,,,
J. Michael Sturdivant,WR,GB,CHI,CHI@GB,,1.0,1.5709680188318313,0.0,0.0,2.44815630094745,4.932949671855939,1.5709680188318313,-,21.83525,False,,,,,
Skyy Moore,WR,GB,CHI,CHI@GB,,1.0,4.411265220441629,3.385250670640887,1.3510714176119307,6.477854397112454,10.09109760919538,4.411265220441629,-,21.83525,False,,,,,
Mark Redman,TE,GB,CHI,CHI@GB,,1.0,0.829666012137965,0.0,0.0,1.3626755538608775,2.8937087625954403,0.829666012137965,-,21.83525,False,,,,,
Jayden Reed,WR,GB,CHI,CHI@GB,,0.0,0.0,0.0,0.0,0.0,0.0,0.0,Out (),21.83525,False,,,,,
Jonnu Smith,TE,GB,CHI,CHI@GB,,1.0,3.49880436234744,2.629716821038275,1.0760062673526094,5.370709508744211,8.240935978771237,3.49880436234744,-,21.83525,False,,,,,
Christian Watson,WR,GB,CHI,CHI@GB,,1.0,14.788185051218507,13.748930770908714,8.977083201047211,19.504726810146607,25.45556659794589,14.788185051218507,-,21.83525,False,,,,,
Joe Burrow,QB,CIN,MIA,CIN@MIA,,1.0,16.704017512352777,16.06477027858923,11.238781809073727,21.522358997468384,26.916159873536753,16.704017512352777,-,24.4172,False,,,,,
Erick All,TE,CIN,MIA,CIN@MIA,,1.0,1.3995770450715157,0.0,0.0,2.1430545329993933,4.399495967880604,1.3995770450715157,-,24.4172,False,,,,,
Tahj Brooks,RB,CIN,MIA,CIN@MIA,,1.0,0.5763601850761517,0.0,0.0,0.5094658952136155,1.7924604248004863,0.5763601850761517,-,24.4172,False,,,,,
Chase Brown,RB,CIN,MIA,CIN@MIA,,1.0,18.430431105217234,17.591425511790522,12.853653025069582,23.066316734682488,28.74915124514211,18.430431105217234,-,24.4172,False,,,,,
Ja'Marr Chase,WR,CIN,MIA,CIN@MIA,,0.8055616699684496,13.39450700162544,15.617432396299321,10.75519082814088,21.298548451078126,27.344039217805076,16.627537655993546,no game designation yet (DNP),24.4172,False,,,,,
Mike Gesicki,TE,CIN,MIA,CIN@MIA,,1.0,8.500192088717766,7.543630605934797,4.219869186961375,11.749788255720723,16.25955128116335,8.500192088717766,-,24.4172,False,,,,,
Tee Higgins,WR,CIN,MIA,CIN@MIA,,0.8055616699684496,12.905100907072603,14.8848452576099,9.898089189507413,20.8540506249677,27.310577524989768,16.020003667227662,no game designation yet (DNP),24.4172,False,,,,,
Tanner Hudson,TE,CIN,MIA,CIN@MIA,,1.0,2.9783007679798987,2.0097106154447912,0.0,4.601670868372952,7.4622758970465926,2.9783007679798987,-,24.4172,False,,,,,
Andrei Iosivas,WR,CIN,MIA,CIN@MIA,,0.0,0.0,0.0,0.0,0.0,0.0,0.0,Out (),24.4172,False,,,,,
Dohnte Meyers,WR,CIN,MIA,CIN@MIA,,1.0,5.102125227131196,4.178170985353506,1.7808482963331838,7.465536540518919,11.074480489619996,5.102125227131196,-,24.4172,False,,,,,
Samaje Perine,RB,CIN,MIA,CIN@MIA,,1.0,6.086122061347586,5.147411936810123,2.744733121987736,8.544161546208471,12.06224012725766,6.086122061347586,-,24.4172,False,,,,,
Drew Sample,TE,CIN,MIA,CIN@MIA,,1.0,2.696479088754464,1.7889687930123026,0.0,4.119875984131993,7.039587791950731,2.696479088754464,-,24.4172,False,,,,,
Mitchell Tinsley,WR,CIN,MIA,CIN@MIA,,1.0,5.2821469993393695,4.287419627292364,1.6816955251740735,7.807832484578972,11.639280846532397,5.2821469993393695,-,24.4172,False,,,,,
Ke'Shawn Williams,WR,CIN,MIA,CIN@MIA,,1.0,0.3086390755772235,0.0,0.0,0.0,1.2769410604011855,0.3086390755772235,-,24.4172,False,,,,,
Colbie Young,WR,CIN,MIA,CIN@MIA,,0.9575230478992892,1.0488200628986966,0.0,0.0,1.7235141210774476,3.717997802128908,1.0953470678326793,no game designation yet (Limited),24.4172,False,,,,,
Malik Willis,QB,MIA,CIN,CIN@MIA,,1.0,14.973222616855079,14.316889939556576,10.116401911935132,19.08653336918459,23.914969853990552,14.973222616855079,-,18.0238,False,,,,,
De'Von Achane,RB,MIA,CIN,CIN@MIA,,0.0,0.0,0.0,0.0,0.0,0.0,0.0,Out (),18.0238,False,,,,,
Chris Bell,WR,MIA,CIN,CIN@MIA,,0.9575230478992892,6.389147712010124,5.764794901141634,2.7924113901878167,9.530001033118785,13.690962392482042,6.672578509757318,no game designation yet (Limited),18.0238,False,,,,,
Kevin Coleman Jr.,WR,MIA,CIN,CIN@MIA,,1.0,5.120405961915054,4.2547947705229605,1.7808093914393166,7.478664399297195,11.070356938055397,5.120405961915054,-,18.0238,False,,,,,
Caleb Douglas,WR,MIA,CIN,CIN@MIA,,0.8055616699684496,7.88580131772139,8.821185377960731,5.178970705789595,13.380573898535065,18.139960337801913,9.789196298317227,no game designation yet (DNP),18.0238,False,,,,,
Greg Dulcich,TE,MIA,CIN,CIN@MIA,,1.0,6.775511411994527,5.92347498763274,2.9227973474652567,9.569802238836365,13.674471203800433,6.775511411994527,-,18.0238,False,,,,,
Ollie Gordon II,RB,MIA,CIN,CIN@MIA,,1.0,9.70440524765799,8.807014746067736,5.553639108433998,12.855143375971746,17.09476488165277,9.70440524765799,-,18.0238,False,,,,,
DJ Herman,RB,MIA,CIN,CIN@MIA,,1.0,1.6246048776884012,0.8410725837094063,0.0,2.4809094774356852,4.64230807978742,1.6246048776884012,-,18.0238,False,,,,,
Will Kacmarek,TE,MIA,CIN,CIN@MIA,,1.0,2.1312000895730856,1.4315003725718902,0.0,3.347102430795809,6.0,2.1312000895730856,-,18.0238,False,,,,,
Ryan Miller,WR,MIA,CIN,CIN@MIA,,1.0,1.2464513426341104,0.0,0.0,1.9682557025707317,4.293009634541009,1.2464513426341104,-,18.0238,False,,,,,
Jalen Tolbert,WR,MIA,CIN,CIN@MIA,,1.0,1.9880177047780736,1.0882704029291301,0.0,3.181113360495663,6.0,1.9880177047780736,-,18.0238,False,,,,,
Malik Washington,WR,MIA,CIN,CIN@MIA,,1.0,11.627143426558431,10.80438485766626,6.816596199521101,15.38304224856611,20.33375489751241,11.627143426558431,-,18.0238,False,,,,,
Jaylen Wright,RB,MIA,CIN,CIN@MIA,,1.0,4.477575345391846,3.315371809469809,1.662198136680252,6.680067306733093,9.696272810880691,4.477575345391846,-,18.0238,False,,,,,
Kirk Cousins,QB,LV,NE,LV@NE,,1.0,13.300341590569687,12.719788714782538,8.490275752106026,17.425670817610683,22.21100683510553,13.300341590569687,-,21.0328,False,,,,,
Cody White,WR,LV,NE,LV@NE,,1.0,3.4450776999308697,2.401829066470504,0.0,5.741149735250203,8.484937726718151,3.4450776999308697,-,21.0328,False,,,,,
Jack Bech,WR,LV,NE,LV@NE,,0.0,0.0,0.0,0.0,0.0,0.0,0.0,Out (),21.0328,False,,,,,
Malik Benson,WR,LV,NE,LV@NE,,1.0,1.5885004201815156,0.05087422153177215,0.0,2.4830985206511285,4.966964697836927,1.5885004201815156,-,21.0328,False,,,,,
Brock Bowers,TE,LV,NE,LV@NE,,1.0,15.121707998442632,14.229110547438133,9.742220961172446,19.48766833025137,24.88658188898236,15.121707998442632,-,21.0328,False,,,,,
Connor Heyward,RB,LV,NE,LV@NE,,1.0,0.9542101199620112,0.3226578836428878,0.0,1.2151208776778137,2.7273427225358082,0.9542101199620112,-,21.0328,False,,,,,
Ashton Jeanty,RB,LV,NE,LV@NE,,1.0,16.48172363028511,15.711222754224012,11.4272639623437,20.750556142229836,25.783520613035954,16.48172363028511,-,21.0328,False,,,,,
Dylan Laube,RB,LV,NE,LV@NE,,1.0,0.2590324256266093,0.0,0.0,0.0,0.823154615225134,0.2590324256266093,-,21.0328,False,,,,,
Michael Mayer,TE,LV,NE,LV@NE,,1.0,9.0554789454668,8.238434424926334,4.979659937469717,12.217078472448566,16.528687568092145,9.0554789454668,-,21.0328,False,,,,,
Jalen Nailor,WR,LV,NE,LV@NE,,1.0,4.876126645902236,3.992342993763252,1.646435498421151,7.233588618790721,10.677554933269981,4.876126645902236,-,21.0328,False,,,,,
Ian Thomas,TE,LV,NE,LV@NE,,1.0,1.1195881248174209,0.0,0.0,1.769967224671373,3.623006952664735,1.1195881248174209,-,21.0328,False,,,,,
Tre Tucker,WR,LV,NE,LV@NE,,1.0,8.550093091485673,7.70473136176339,4.340407900911785,11.83709094278873,16.070833117261756,8.550093091485673,-,21.0328,False,,,,,
Mike Washington Jr.,RB,LV,NE,LV@NE,,1.0,4.262168017491829,3.4080187900286476,1.9172043313042657,5.920417198195309,8.790344702459704,4.262168017491829,-,21.0328,False,,,,,
Dareke Young,WR,LV,NE,LV@NE,,1.0,0.8113630416398162,0.0,0.0,1.1333035692690783,3.0223821458671676,0.8113630416398162,-,21.0328,False,,,,,
Drake Maye,QB,NE,LV,LV@NE,,0.98,15.515055496924079,15.311041488111224,10.428069737116996,20.680654795956066,25.9433485837872,15.83168928257559,no game designation yet (Full),24.52965,False,,,,,
A.J. Brown,WR,NE,LV,LV@NE,,0.0,0.0,0.0,0.0,0.0,0.0,0.0,Out (),24.52965,False,,,,,
Efton Chism III,WR,NE,LV,LV@NE,,1.0,2.381102403400902,1.469954336986016,0.0,3.7987196557984584,6.250848414612165,2.381102403400902,-,24.52965,False,,,,,
Romeo Doubs,WR,NE,LV,LV@NE,,1.0,11.35944366537027,10.342456530113678,6.189841516550203,15.342559045719337,20.699580447223127,11.35944366537027,-,24.52965,False,,,,,
DeMario Douglas,WR,NE,LV,LV@NE,,1.0,6.759710559621328,6.0,2.855467875291735,9.56976382972039,13.71112866553216,6.759710559621328,-,24.52965,False,,,,,
Reggie Gilliam,RB,NE,LV,LV@NE,,0.9951309141019752,0.77443232392534,0.0,0.0,1.2933123910098543,2.6335731879591178,0.7782215515073233,no game designation yet (Limited),24.52965,False,,,,,
TreVeyon Henderson,RB,NE,LV,LV@NE,,1.0,9.853878374001873,9.039133429832976,5.762340875118055,12.983409875046931,17.191457647995673,9.853878374001873,-,24.52965,False,,,,,
Hunter Henry,TE,NE,LV,LV@NE,,1.0,7.4559534409576385,6.522719233665075,3.5224946225242544,10.33657980630335,14.537328460471924,7.4559534409576385,-,24.52965,False,,,,,
Mack Hollins,WR,NE,LV,LV@NE,,0.8055616699684496,7.5084093626591395,8.336174811826933,4.749583238594605,12.888606905415068,17.635376924601385,9.3207132893416,no game designation yet (DNP),24.52965,False,,,,,
Corey Kiner,RB,NE,LV,LV@NE,,1.0,2.1184774026136313,1.2251362064188704,0.4265331923474375,2.757695097008086,6.108917558984893,2.1184774026136313,-,24.52965,False,,,,,
Lan Larison,RB,NE,LV,LV@NE,,1.0,1.7129798412080446,1.1579357404577777,0.0,2.579371955813771,4.996069883636898,1.7129798412080446,-,24.52965,False,,,,,
Cameron Latu,TE,NE,LV,LV@NE,,1.0,0.07574061665140965,0.0,0.0,0.0,0.0,0.07574061665140965,-,24.52965,False,,,,,
Eli Raridon,TE,NE,LV,LV@NE,,1.0,1.6580190356718492,0.0,0.0,2.4010101008793896,6.0,1.6580190356718492,-,24.52965,False,,,,,
Rhamondre Stevenson,RB,NE,LV,LV@NE,,0.9951309141019752,11.348836730177107,10.603003306187073,6.969901122239131,14.907220045102338,19.468126212781215,11.404365565729119,no game designation yet (Limited),24.52965,False,,,,,
Kyle Williams,WR,NE,LV,LV@NE,,1.0,2.4306143441066337,1.5605362448493056,0.0,3.865652202058451,6.482645812448569,2.4306143441066337,-,24.52965,False,,,,,
Kyler Murray,QB,MIN,NO,MIN@NO,,1.0,13.218616017785308,12.61755171989546,8.547311164938726,17.18842427168675,21.807617570919394,13.218616017785308,-,21.9874,False,,,,,
Jordan Addison,WR,MIN,NO,MIN@NO,,0.8055616699684496,7.265598133806921,8.150794664494367,4.758069966102808,12.323658543083418,16.82438380071119,9.019294741383963,no game designation yet (DNP),21.9874,False,,,,,
Gavin Bartholomew,TE,MIN,NO,MIN@NO,,1.0,0.4340152140473643,0.0,0.0,0.0,1.7867432832664798,0.4340152140473643,-,21.9874,False,,,,,
Max Bredeson,RB,MIN,NO,MIN@NO,,1.0,0.19544979230614778,0.0,0.0,0.0,0.0,0.19544979230614778,-,21.9874,False,,,,,
Demond Claiborne,RB,MIN,NO,MIN@NO,,1.0,1.8941557531601305,1.1489880090824895,0.24434961166004934,2.647392029995337,5.240073614967583,1.8941557531601305,-,21.9874,False,,,,,
DeeJay Dallas,RB,MIN,NO,MIN@NO,,1.0,1.9729011489608537,1.341445410899005,0.0557567668933795,2.8997852758168285,5.308163743888112,1.9729011489608537,-,21.9874,False,,,,,
Tai Felton,WR,MIN,NO,MIN@NO,,1.0,1.1547287237458572,0.0,0.0,1.8514195381994036,3.8213923339772897,1.1547287237458572,-,21.9874,False,,,,,
T.J. Hockenson,TE,MIN,NO,MIN@NO,,1.0,10.41904789101992,9.514075405385153,5.910436663509827,13.976090092416303,18.587265284537633,10.41904789101992,-,21.9874,False,,,,,
Justin Jefferson,WR,MIN,NO,MIN@NO,,0.9575230478992892,13.032510174113266,12.67680922191537,8.344027978084137,17.81427719809211,23.24648543129473,13.610649062396256,no game designation yet (Limited),21.9874,False,,,,,
Jauan Jennings,WR,MIN,NO,MIN@NO,,1.0,4.490680770815086,3.643574368630531,1.5609852756759668,6.6127318768099865,9.833843821840366,4.490680770815086,-,21.9874,False,,,,,
Aaron Jones,RB,MIN,NO,MIN@NO,,0.9951309141019752,17.44801903718988,16.728569258210975,12.328777973505055,21.908402626241838,27.13774354374406,17.53339062221306,no game designation yet (Limited),21.9874,False,,,,,
Jeshaun Jones,WR,MIN,NO,MIN@NO,,1.0,0.46643796909812846,0.0,0.0,0.0,1.9363390720995362,0.46643796909812846,-,21.9874,False,,,,,
Jordan Mason,RB,MIN,NO,MIN@NO,,0.0,0.0,0.0,0.0,0.0,0.0,0.0,Out (),21.9874,False,,,,,
Josh Oliver,TE,MIN,NO,MIN@NO,,0.0,0.0,0.0,0.0,0.0,0.0,0.0,Out (),21.9874,False,,,,,
Myles Price,WR,MIN,NO,MIN@NO,,1.0,1.5148014817395816,0.08477074646218377,0.0,2.3307886314972768,4.627383303314856,1.5148014817395816,-,21.9874,False,,,,,
Tyler Shough,QB,NO,MIN,MIN@NO,,0.98,16.468960212803367,16.18258082208849,11.359611989740872,21.519330007640583,26.955061899085763,16.805061441636088,no game designation yet (Limited),20.51085,False,,,,,
Kevin Austin Jr.,WR,NO,MIN,MIN@NO,,1.0,2.5374984803376543,1.6814265643174857,0.0,3.969635746908467,6.735816718979451,2.5374984803376543,-,20.51085,False,,,,,
Barion Brown,WR,NO,MIN,MIN@NO,,0.8055616699684496,0.6441196149219068,0.0,0.0,0.8144271975820844,2.70983915874249,0.7995906942135594,no game designation yet (DNP),20.51085,False,,,,,
Oscar Delp,TE,NO,MIN,MIN@NO,,1.0,0.8842830375680684,0.0,0.0,1.4270982038886832,3.0740144002437786,0.8842830375680684,-,20.51085,False,,,,,
CJ Donaldson,RB,NO,MIN,MIN@NO,,1.0,2.853486179536792,1.922496662464424,0.5650038319676933,4.110108171957352,7.18318663597589,2.853486179536792,-,20.51085,False,,,,,
Travis Etienne,RB,NO,MIN,MIN@NO,,0.0,0.0,0.0,0.0,0.0,0.0,0.0,Out (),20.51085,False,,,,,
Noah Fant,TE,NO,MIN,MIN@NO,,0.9575230478992892,5.094741670879573,4.443712700410899,1.9027514270761978,7.7051483933578515,11.282755584901688,5.3207509543054154,no game designation yet (Limited),20.51085,False,,,,,
Juwan Johnson,TE,NO,MIN,MIN@NO,,1.0,13.242963355873057,12.146433626493478,7.834961457085646,17.486175624101303,23.196257594041715,13.242963355873057,-,20.51085,False,,,,,
Alvin Kamara,RB,NO,MIN,MIN@NO,,0.5949864089398973,7.385497591150624,11.646830028560508,7.906637538218636,16.210446070872692,20.57309938115734,12.41288453010138,no game designation yet (DNP),20.51085,False,,,,,
Bryce Lance,WR,NO,MIN,MIN@NO,,1.0,3.398759203514005,2.392310449359218,0.0,5.307357435735348,8.375979085352293,3.398759203514005,-,20.51085,False,,,,,
Kendre Miller,RB,NO,MIN,MIN@NO,,1.0,7.3763053322981,6.429417258564924,3.4623236822219585,10.2160954884588,14.358409986175438,7.3763053322981,-,20.51085,False,,,,,
Jalen Cropper,WR,NO,MIN,MIN@NO,,1.0,0.5127299266396891,0.0,0.0,0.0,2.1222577899802615,0.5127299266396891,-,20.51085,False,,,,,
Chris Olave,WR,NO,MIN,MIN@NO,,0.8055616699684496,14.075656839046962,16.366556304578246,11.378273555485059,22.429612074986572,29.174934879168788,17.47309655336288,no game designation yet (DNP),20.51085,False,,,,,
Devaughn Vele,WR,NO,MIN,MIN@NO,,1.0,9.325654734862336,8.324741903479243,4.744217334781073,12.797050151586705,17.62901289091632,9.325654734862336,-,20.51085,False,,,,,
Treyton Welch,TE,NO,MIN,MIN@NO,,1.0,0.6114933416776351,0.0,0.0,0.0,2.3417080562137236,0.6114933416776351,-,20.51085,False,,,,,
Deshaun Watson,QB,CLE,NYJ,CLE@NYJ,,1.0,14.264216729903158,13.627189475349695,9.550932788745827,18.224925288335925,22.897941394685517,14.264216729903158,-,18.9826,False,,,,,
Isaiah Bond,WR,CLE,NYJ,CLE@NYJ,,1.0,2.006687625807401,1.3386656562142911,0.0,3.1312213942900704,5.799211164045798,2.006687625807401,-,18.9826,False,,,,,
Denzel Boston,WR,CLE,NYJ,CLE@NYJ,,1.0,8.981389683797616,8.004847730952005,4.5125814812325915,12.36461688605792,17.056368945291972,8.981389683797616,-,18.9826,False,,,,,
Michael Burton,RB,CLE,NYJ,CLE@NYJ,,1.0,0.5809621145337125,0.0,0.0,0.5108572012713577,2.0067952161627614,0.5809621145337125,-,18.9826,False,,,,,
KC Concepcion,WR,CLE,NYJ,CLE@NYJ,,1.0,11.223382120845127,10.402243721665602,6.659415796881893,14.917014816831832,19.50417991828363,11.223382120845127,-,18.9826,False,,,,,
Malachi Corley,WR,CLE,NYJ,CLE@NYJ,,1.0,0.9889248112144727,0.0,0.0,1.5956085029369853,3.442453712529951,0.9889248112144727,-,18.9826,False,,,,,
Harold Fannin Jr.,TE,CLE,NYJ,CLE@NYJ,,1.0,10.24750650629362,9.46826734595275,6.0,13.61043125279698,17.941045397792216,10.24750650629362,-,18.9826,False,,,,,
Jerry Jeudy,WR,CLE,NYJ,CLE@NYJ,,1.0,5.459184485010078,4.685916767901435,2.120566906410233,7.903802876347291,11.270661358445537,5.459184485010078,-,18.9826,False,,,,,
Quinshon Judkins,RB,CLE,NYJ,CLE@NYJ,,1.0,12.277189860927722,11.519575005697021,7.766221584680952,15.938575024170857,20.43422070896548,12.277189860927722,-,18.9826,False,,,,,
Jaleel McLaughlin,RB,CLE,NYJ,CLE@NYJ,,1.0,1.773973770429002,1.1062489211339708,0.2171299625307676,2.490059486739295,4.658387307440213,1.773973770429002,-,18.9826,False,,,,,
Carsen Ryan,TE,CLE,NYJ,CLE@NYJ,,1.0,0.2571937493083952,0.0,0.0,0.0,1.1610963140502408,0.2571937493083952,-,18.9826,False,,,,,
Dylan Sampson,RB,CLE,NYJ,CLE@NYJ,,0.0,0.0,0.0,0.0,0.0,0.0,0.0,Out (),18.9826,False,,,,,
Raheim Sanders,RB,CLE,NYJ,CLE@NYJ,,1.0,5.310024339067276,4.616847500387634,2.5141005744951284,7.3511973191828215,10.429781734760432,5.310024339067276,-,18.9826,False,,,,,
Tylan Wallace,WR,CLE,NYJ,CLE@NYJ,,0.8055616699684496,0.3658924539759519,0.0,0.0,0.0,1.9324477744361643,0.4542078746004416,no game designation yet (DNP),18.9826,False,,,,,
Blake Whiteheart,TE,CLE,NYJ,CLE@NYJ,,1.0,1.3711868699430314,0.0,0.0,2.0606326201055456,4.449305764226567,1.3711868699430314,-,18.9826,False,,,,,
Geno Smith,QB,NYJ,CLE,CLE@NYJ,,1.0,14.646145007496607,13.983929907381377,9.7005042050231,18.819473543839567,23.700455284486733,14.646145007496607,-,20.36105,False,,,,,
Braelon Allen,RB,NYJ,CLE,CLE@NYJ,,1.0,10.420213505424178,9.36400879897192,5.597819929995195,14.094906172120053,18.97640287400322,10.420213505424178,-,20.36105,False,,,,,
Andrew Beck,RB,NYJ,CLE,CLE@NYJ,,1.0,0.5648171726978357,0.0,0.0,0.5052181898822051,1.871506400829644,0.5648171726978357,-,20.36105,False,,,,,
Omar Cooper Jr.,WR,NYJ,CLE,CLE@NYJ,,0.0,0.0,0.0,0.0,0.0,0.0,0.0,Out (),20.36105,False,,,,,
Isaiah Davis,RB,NYJ,CLE,CLE@NYJ,,1.0,1.3359452728943406,0.37185101284781286,0.0,1.947801293602836,3.957610190747256,1.3359452728943406,-,20.36105,False,,,,,
Breece Hall,RB,NYJ,CLE,CLE@NYJ,,0.5949864089398973,7.313534907528921,11.508161048926073,7.819079412929874,15.904184339847069,20.35148325140858,12.291936080623481,no game designation yet (DNP),20.36105,False,,,,,
Malik McClain,WR,NYJ,CLE,CLE@NYJ,,1.0,0.28946514051686273,0.0,0.0,0.0,0.0,0.28946514051686273,-,20.36105,False,,,,,
Adonai Mitchell,WR,NYJ,CLE,CLE@NYJ,,0.8055616699684496,6.342747653693016,6.952552433763689,3.733586659223255,11.051877062997967,15.250719250861653,7.873695944273806,no game designation yet (DNP),20.36105,False,,,,,
Kene Nwangwu,RB,NYJ,CLE,CLE@NYJ,,1.0,0.38239629000342445,0.0,0.0,0.09638271593549698,1.4177868620903984,0.38239629000342445,-,20.36105,False,,,,,
Jamaal Pritchett,WR,NYJ,CLE,CLE@NYJ,,1.0,0.25378053121295036,0.0,0.0,0.0,0.0,0.25378053121295036,-,20.36105,False,,,,,
Jeremy Ruckert,TE,NYJ,CLE,CLE@NYJ,,1.0,2.768416214300699,1.7921110261485007,0.0,4.306063243953201,7.2589443103175775,2.768416214300699,-,20.36105,False,,,,,
Kenyon Sadiq,TE,NYJ,CLE,CLE@NYJ,,1.0,8.277547961443826,7.482977955406563,4.27443814331417,11.392500863088317,15.508466634751445,8.277547961443826,-,20.36105,False,,,,,
Sterling Shepard,WR,NYJ,CLE,CLE@NYJ,,1.0,3.1892656184588306,2.210586628510726,0.0,5.034427036213354,7.9051058883006355,3.1892656184588306,-,20.36105,False,,,,,
Arian Smith,WR,NYJ,CLE,CLE@NYJ,,0.0,0.0,0.0,0.0,0.0,0.0,0.0,Out (),20.36105,False,,,,,
Mason Taylor,TE,NYJ,CLE,CLE@NYJ,,0.9479829842591244,3.8559192390570862,3.246983305919408,1.414963437537906,6.0,9.085055715518866,4.067498365564648,no game designation yet (Full),20.36105,False,,,,,
Isaiah Williams,WR,NYJ,CLE,CLE@NYJ,,1.0,5.624087856106226,4.789860123490887,2.2029781268481066,8.112680601489858,11.741264748028785,5.624087856106226,-,20.36105,False,,,,,
Garrett Wilson,WR,NYJ,CLE,CLE@NYJ,,1.0,13.841715662320263,12.89326763044617,8.601883794573627,18.02519348922167,23.548343573308276,13.841715662320263,-,20.36105,False,,,,,
Jelani Woods,TE,NYJ,CLE,CLE@NYJ,,1.0,0.8013438783167283,0.0,0.0,1.246585238059689,2.8292086050357157,0.8013438783167283,-,20.36105,False,,,,,
Daniel Jones,QB,IND,PIT,IND@PIT,,1.0,10.717513862125788,10.072260319952575,6.321807074035646,14.417571731731352,18.674805201749333,10.717513862125788,-,21.03765,False,,,,,
Mo Alie-Cox,TE,IND,PIT,IND@PIT,,1.0,0.8911225009438248,0.0,0.0,1.4972124015610109,3.039524126186925,0.8911225009438248,-,21.03765,False,,,,,
Keenan Allen,WR,IND,PIT,IND@PIT,,0.9575230478992892,9.022295387840932,8.597831105253459,5.339116315308819,12.647993238675301,16.914344399678193,9.422535998099425,no game designation yet (Limited),21.03765,False,,,,,
Deion Burks,WR,IND,PIT,IND@PIT,,1.0,1.230927982814761,0.0,0.0,1.9305587317186816,3.8796338116550557,1.230927982814761,-,21.03765,False,,,,,
Josh Downs,WR,IND,PIT,IND@PIT,,1.0,10.388915042223784,9.56699207617369,6.0289790677985495,13.828777500631137,18.393988313413374,10.388915042223784,-,21.03765,False,,,,,
Ashton Dulin,WR,IND,PIT,IND@PIT,,0.8055616699684496,2.6390717278776843,2.4754000527257567,0.0,4.985296352632985,7.805775058857535,3.276064175174876,no game designation yet (DNP),21.03765,False,,,,,
Anthony Gould,WR,IND,PIT,IND@PIT,,1.0,0.34697021731887456,0.0,0.0,0.0,1.5483345223876819,0.34697021731887456,-,21.03765,False,,,,,
Seth McGowan,RB,IND,PIT,IND@PIT,,1.0,4.3025784614342815,3.233544612723442,1.5947937959074434,6.267716241529099,9.33712915268613,4.3025784614342815,-,21.03765,False,,,,,
Andrew Ogletree,TE,IND,PIT,IND@PIT,,1.0,0.7979833071136956,0.0,0.0,1.344770452701912,2.7668849545382956,0.7979833071136956,-,21.03765,False,,,,,
Alec Pierce,WR,IND,PIT,IND@PIT,,0.0,0.0,0.0,0.0,0.0,0.0,0.0,Out (),21.03765,False,,,,,
Jonathan Taylor,RB,IND,PIT,IND@PIT,,0.9951309141019752,18.13567045023347,17.391233877293736,12.691382656926947,22.897677106870063,28.381104898790824,18.224406651660942,no game designation yet (Limited),21.03765,False,,,,,
Laquon Treadwell,WR,IND,PIT,IND@PIT,,1.0,2.680393239074503,1.8128858440696338,0.0,4.194735669769442,6.930038938244181,2.680393239074503,-,21.03765,False,,,,,
Tyler Warren,TE,IND,PIT,IND@PIT,,1.0,11.526965936210615,10.666204239642166,7.047062137160044,15.083359056574208,19.727159501336615,11.526965936210615,-,21.03765,False,,,,,
Nick Westbrook-Ikhine,WR,IND,PIT,IND@PIT,,1.0,0.9791671105678299,0.0,0.0,1.5884872999801125,3.363998947627138,0.9791671105678299,-,21.03765,False,,,,,
Aaron Rodgers,QB,PIT,IND,IND@PIT,,1.0,15.658877234399869,14.986137128669917,10.347688910470628,20.328365785003914,25.486670519470106,15.658877234399869,-,23.5032,False,,,,,
Germie Bernard,WR,PIT,IND,IND@PIT,,1.0,3.1427816503262274,2.114060208306327,0.0,5.1246235629811405,7.999007395038841,3.1427816503262274,-,23.5032,False,,,,,
Rico Dowdle,RB,PIT,IND,IND@PIT,,0.9951309141019752,8.549601414590587,7.800121710149922,4.761572219363786,11.57693570427219,15.46782535433684,8.591433843964046,no game designation yet (Limited),23.5032,False,,,,,
Pat Freiermuth,TE,PIT,IND,IND@PIT,,1.0,8.186068456231752,7.3298342530697,4.050810968931204,11.32018552147273,15.634616577624284,8.186068456231752,-,23.5032,False,,,,,
Eli Heidenreich,RB,PIT,IND,IND@PIT,,1.0,0.547071438573986,0.0,0.0,0.2954002706201678,1.9565891615776767,0.547071438573986,-,23.5032,False,,,,,
Travis Homer,RB,PIT,IND,IND@PIT,,1.0,1.4726145573299867,0.6255764277310518,0.05923803594142582,1.8122051775724601,4.6773543851106885,1.4726145573299867,-,23.5032,False,,,,,
DK Metcalf,WR,PIT,IND,IND@PIT,,1.0,12.950621737680832,11.958116251424578,7.629638665815056,17.286994577083195,22.687963535289743,12.950621737680832,-,23.5032,False,,,,,
Lew Nichols III,RB,PIT,IND,IND@PIT,,1.0,0.7769622239687213,0.0,0.0,0.6716736316607964,2.4380114676305458,0.7769622239687213,-,23.5032,False,,,,,
Riley Nowakowski,RB,PIT,IND,IND@PIT,,1.0,0.19796993574307156,0.0,0.0,0.0,0.0,0.19796993574307156,-,23.5032,False,,,,,
Michael Pittman,WR,PIT,IND,IND@PIT,,0.9575230478992892,7.398764043767102,6.836696936983834,3.699742370236857,10.810951095495847,14.890371811562865,7.726982718587566,no game designation yet (Limited),23.5032,False,,,,,
Ben Skowronek,WR,PIT,IND,IND@PIT,,1.0,1.3857455633168105,0.0,0.0,2.113774309700091,5.035685001390098,1.3857455633168105,-,23.5032,False,,,,,
Robert Tonyan,TE,PIT,IND,IND@PIT,,1.0,0.6304730767856045,0.0,0.0,0.0,2.3195894083475537,0.6304730767856045,-,23.5032,False,,,,,
Jaylen Warren,RB,PIT,IND,IND@PIT,,1.0,15.803941871657297,14.97030586984993,10.743063566227484,20.035580898634972,25.149549056125725,15.803941871657297,-,23.5032,False,,,,,
Darnell Washington,TE,PIT,IND,IND@PIT,,1.0,4.879971711371041,3.941248183722824,1.6518969400134056,7.206067792043397,10.691239643138255,4.879971711371041,-,23.5032,False,,,,,
Kaden Wetjen,WR,PIT,IND,IND@PIT,,1.0,0.2271194540215309,0.0,0.0,0.0,0.0,0.2271194540215309,-,23.5032,False,,,,,
Roman Wilson,WR,PIT,IND,IND@PIT,,1.0,7.189149702493111,6.146005972459862,3.1557470904920253,10.151976011630227,14.447786909300858,7.189149702493111,-,23.5032,False,,,,,
C.J. Stroud,QB,HOU,TEN,HOU@TEN,,1.0,16.04613109877767,15.29942364774076,10.927798465416178,20.40891334450698,25.398277831350097,16.04613109877767,-,22.46375,False,,,,,
Lewis Bond,WR,HOU,TEN,HOU@TEN,,1.0,0.9193673830109659,0.0,0.0,1.46693401447049,3.295578542929636,0.9193673830109659,-,22.46375,False,,,,,
Kayshon Boutte,WR,HOU,TEN,HOU@TEN,,1.0,6.665215341335232,5.849797448151168,2.8366870206789194,9.481696178093365,13.5105320977891,6.665215341335232,-,22.46375,False,,,,,
British Brooks,RB,HOU,TEN,HOU@TEN,,0.0,0.0,0.0,0.0,0.0,0.0,0.0,Out (),22.46375,False,,,,,
Nico Collins,WR,HOU,TEN,HOU@TEN,,0.9575230478992892,14.419455027047897,14.026017344587657,9.484736459853536,19.486714603216512,25.392366926728307,15.05912057018654,no game designation yet (Limited),22.46375,False,,,,,
Xavier Hutchinson,WR,HOU,TEN,HOU@TEN,,1.0,8.519408131366017,7.630984628743345,4.361174768379277,11.705075093606505,15.987820244384503,8.519408131366017,-,22.46375,False,,,,,
Brevin Jordan,TE,HOU,TEN,HOU@TEN,,1.0,0.9170586250351959,0.0,0.0,1.519485348180241,3.1165382960802153,0.9170586250351959,-,22.46375,False,,,,,
Marlin Klein,TE,HOU,TEN,HOU@TEN,,1.0,0.4534523352793649,0.0,0.0,0.0,1.8610126108474527,0.4534523352793649,-,22.46375,False,,,,,
Woody Marks,RB,HOU,TEN,HOU@TEN,,1.0,7.957133900109577,7.173742888450312,3.9107613443175024,10.959504272898661,15.003009663597927,7.957133900109577,-,22.46375,False,,,,,
David Montgomery,RB,HOU,TEN,HOU@TEN,,1.0,9.740041059431197,8.899397731756196,5.057097029798044,13.215878921576984,17.82195745885558,9.740041059431197,-,22.46375,False,,,,,
Foster Moreau,TE,HOU,TEN,HOU@TEN,,1.0,2.8352854368531184,1.9366514464383995,0.0,4.367616982717088,7.221747967242846,2.8352854368531184,-,22.46375,False,,,,,
Jaylin Noel,WR,HOU,TEN,HOU@TEN,,1.0,5.038727786347604,4.142461787177841,1.7637788017298914,7.324115650569411,10.947608540963886,5.038727786347604,-,22.46375,False,,,,,
Dalton Schultz,TE,HOU,TEN,HOU@TEN,,1.0,9.77928740644929,8.937604752512518,5.564426257217377,13.084011881805209,17.414811733536904,9.77928740644929,-,22.46375,False,,,,,
Cade Stover,TE,HOU,TEN,HOU@TEN,,1.0,1.4342335070499652,0.0,0.0,2.2475837557299934,4.267143385042846,1.4342335070499652,-,22.46375,False,,,,,
Jared Wayne,WR,HOU,TEN,HOU@TEN,,1.0,3.726413272496009,2.8136965403592527,0.0,5.781112221995757,8.76934866973071,3.726413272496009,-,22.46375,False,,,,,
Cam Ward,QB,TEN,HOU,HOU@TEN,,1.0,13.058683770331806,12.360897473537015,8.526488833155742,16.86329247359832,21.383367355461296,13.058683770331806,-,15.0016,False,,,,,
Elic Ayomanor,WR,TEN,HOU,HOU@TEN,,1.0,6.739285588224265,5.968071513481119,2.9154272018487783,9.48970226873214,13.574418117570584,6.739285588224265,-,15.0016,False,,,,,
Daniel Bellinger,TE,TEN,HOU,HOU@TEN,,1.0,1.9130997929114564,1.3668357453324482,0.0,2.999961190079083,5.260269813962824,1.9130997929114564,-,15.0016,False,,,,,
Julius Chestnut,RB,TEN,HOU,HOU@TEN,,1.0,0.3950821452017777,0.0,0.0,0.2379250041718502,1.3462855374496283,0.3950821452017777,-,15.0016,False,,,,,
Chimere Dike,WR,TEN,HOU,HOU@TEN,,1.0,3.0657589813082358,2.2915833922203763,0.0,4.696740767939944,7.245279848643745,3.0657589813082358,-,15.0016,False,,,,,
Gunnar Helm,TE,TEN,HOU,HOU@TEN,,1.0,6.028984860900122,5.298843911124605,2.860042016517967,8.404208705887578,11.85701744654978,6.028984860900122,-,15.0016,False,,,,,
Tony Pollard,RB,TEN,HOU,HOU@TEN,,0.5949864089398973,6.690501251214543,10.477240545409638,6.929301227041961,14.655280939574848,18.79915622631438,11.244796772980381,no game designation yet (DNP),15.0016,False,,,,,
Calvin Ridley,WR,TEN,HOU,HOU@TEN,,1.0,4.314004811137792,3.509417055648631,1.4753132924836643,6.361375022600504,9.521790657495824,4.314004811137792,-,15.0016,False,,,,,
Wan'Dale Robinson,WR,TEN,HOU,HOU@TEN,,1.0,9.989334411880092,9.177898963694698,5.800951451904115,13.311162135406446,17.70637208374533,9.989334411880092,-,15.0016,False,,,,,
Nicholas Singleton,RB,TEN,HOU,HOU@TEN,,1.0,1.9190867662883084,1.0506431537432466,0.3158183315197268,2.5207626469695805,5.674520951577021,1.9190867662883084,-,15.0016,False,,,,,
Tyjae Spears,RB,TEN,HOU,HOU@TEN,,1.0,7.679501804868289,6.707866433033562,3.9724481684567654,10.535581560350867,14.329892171337402,7.679501804868289,-,15.0016,False,,,,,
Carnell Tate,WR,TEN,HOU,HOU@TEN,,1.0,12.33015189859219,11.46529776675225,7.522049056488088,16.15452192223437,21.171079529364484,12.33015189859219,-,15.0016,False,,,,,
Jameis Winston,QB,NYG,WAS,NYG@WAS,,1.0,12.156127893149272,11.587410232258197,7.622942196993574,16.051148930672788,20.421938998693204,12.156127893149272,-,19.444,False,,,,,
Odell Beckham Jr.,WR,NYG,WAS,NYG@WAS,,0.0,0.0,0.0,0.0,0.0,0.0,0.0,Out (),19.444,False,,,,,
Braxton Berrios,WR,NYG,WAS,NYG@WAS,,0.0,0.0,0.0,0.0,0.0,0.0,0.0,Out (),19.444,False,,,,,
Malachi Fields,WR,NYG,WAS,NYG@WAS,,1.0,7.225212299795104,6.231362550796453,3.2881325387515905,10.184681547819752,14.326492938690285,7.225212299795104,-,19.444,False,,,,,
Najee Harris,RB,NYG,WAS,NYG@WAS,,0.5949864089398973,1.973876701258369,2.4361148835435547,1.2958394962132864,4.448345574787439,7.565770836403308,3.3175156131301824,no game designation yet (DNP),19.444,False,,,,,
Theo Johnson,TE,NYG,WAS,NYG@WAS,,1.0,4.127839525035974,3.272109431143942,1.3739250540271175,6.0,9.291917348166491,4.127839525035974,-,19.444,False,,,,,
Charlie Jones,WR,NYG,WAS,NYG@WAS,,1.0,0.4799540419901966,0.0,0.0,0.0,2.015228446898843,0.4799540419901966,-,19.444,False,,,,,
Isaiah Likely,TE,NYG,WAS,NYG@WAS,,0.9575230478992892,12.235890894835626,11.84439888056773,7.769841821157616,16.82865096473251,21.90798310174162,12.778690728834109,no game designation yet (Limited),19.444,False,,,,,
Chris Manhertz,TE,NYG,WAS,NYG@WAS,,0.9575230478992892,0.14998901887397284,0.0,0.0,0.0,0.0,0.15664272437413793,no game designation yet (Limited),19.444,False,,,,,
Darnell Mooney,WR,NYG,WAS,NYG@WAS,,1.0,5.987816770674018,5.147373409530902,2.3282351149294316,8.624902502374052,12.40878007413053,5.987816770674018,-,19.444,False,,,,,
Malik Nabers,WR,NYG,WAS,NYG@WAS,,0.8055616699684496,8.148935232053189,9.234988454670862,5.6224002673788105,13.67884526798716,18.403066570594248,10.115842816071856,no game designation yet (DNP),19.444,False,,,,,
Patrick Ricard,RB,NYG,WAS,NYG@WAS,,1.0,0.9683228563385504,0.0,0.0,1.554305762549426,3.118147228179699,0.9683228563385504,-,19.444,False,,,,,
Devin Singletary,RB,NYG,WAS,NYG@WAS,,1.0,4.890241126621565,3.978142194285957,2.0225318262681165,6.980095289480588,10.160901270298488,4.890241126621565,-,19.444,False,,,,,
Cam Skattebo,RB,NYG,WAS,NYG@WAS,,0.9951309141019752,10.870639508774437,10.186893727164717,6.784731619634178,14.24183238984057,18.40978556280367,10.923828568409318,no game designation yet (Limited),19.444,False,,,,,
Tyrone Tracy Jr.,RB,NYG,WAS,NYG@WAS,,1.0,2.4714129723230602,1.765946342271394,0.444115035759455,3.554134975879498,6.11370153209925,2.4714129723230602,-,19.444,False,,,,,
Jayden Daniels,QB,WAS,NYG,NYG@WAS,,0.98,15.691928562076809,15.498342868723856,10.82737986196956,20.686693754811394,25.64308331832597,16.012172002119193,no game designation yet (Full),22.83115,False,,,,,
Kaytron Allen,RB,WAS,NYG,NYG@WAS,,1.0,1.14315815013753,0.4277646515016946,0.0,1.3028642292036117,3.2125596719231204,1.14315815013753,-,22.83115,False,,,,,
John Bates,TE,WAS,NYG,NYG@WAS,,1.0,1.7933956082731055,1.0423109650691216,0.0,2.688582428830534,6.0,1.7933956082731055,-,22.83115,False,,,,,
Dyami Brown,WR,WAS,NYG,NYG@WAS,,1.0,4.196164733601899,3.235140444018602,1.3505291523851397,6.026179745553514,9.502941669021908,4.196164733601899,-,22.83115,False,,,,,
Treylon Burks,WR,WAS,NYG,NYG@WAS,,0.9479829842591244,3.7649567835650113,2.9981956650727364,1.1328848544490777,6.0,9.262603661400679,3.971544686012937,no game designation yet (Full),22.83115,False,,,,,
Jacory Croskey-Merritt,RB,WAS,NYG,NYG@WAS,,0.9951309141019752,6.524501026597582,5.5457785178675225,3.263178236011721,9.049657453960425,12.483034884696092,6.5564248222410155,no game designation yet (Limited),22.83115,False,,,,,
Stefon Diggs,WR,WAS,NYG,NYG@WAS,,0.8055616699684496,8.42519924220228,9.559837700640744,5.869864097212135,14.084019648529175,18.83645254154106,10.458788639400208,no game designation yet (DNP),22.83115,False,,,,,
Austin Ekeler,RB,WAS,NYG,NYG@WAS,,1.0,2.646228596324209,1.8905000278955246,0.6833963597055513,3.6906534516701144,6.417169238999955,2.646228596324209,-,22.83115,False,,,,,
Jaylin Lane,WR,WAS,NYG,NYG@WAS,,0.0,0.0,0.0,0.0,0.0,0.0,0.0,Out (),22.83115,False,,,,,
Luke McCaffrey,WR,WAS,NYG,NYG@WAS,,1.0,2.1580115697886764,1.414287879946317,0.0,3.362184955201214,6.0,2.1580115697886764,-,22.83115,False,,,,,
Terry McLaurin,WR,WAS,NYG,NYG@WAS,,0.8055616699684496,8.11172246834426,9.137690373504928,5.4806885088636434,13.663385891186701,18.47505747664755,10.069648011755527,no game designation yet (DNP),22.83115,False,,,,,
Chig Okonkwo,TE,WAS,NYG,NYG@WAS,,0.9575230478992892,5.917022980171262,5.347080217538569,2.7932562091276028,8.722604019058116,12.452906133077695,6.179509718489413,no game designation yet (Limited),22.83115,False,,,,,
Craig Reynolds,RB,WAS,NYG,NYG@WAS,,1.0,0.5998281081266462,0.05506705057364713,0.0,0.6813986254293806,1.713905989352126,0.5998281081266462,-,22.83115,False,,,,,
Ben Sinnott,TE,WAS,NYG,NYG@WAS,,0.9575230478992892,0.914573314565525,0.0,0.0,1.5129710491378088,3.1473173553182616,0.9551449613374929,no game designation yet (Limited),22.83115,False,,,,,
Rachaad White,RB,WAS,NYG,NYG@WAS,,0.9951309141019752,6.433479461346185,5.537649527492181,3.1399793699906406,9.005377802421208,12.49833453377644,6.464957896672196,no game designation yet (Limited),22.83115,False,,,,,
Antonio Williams,WR,WAS,NYG,NYG@WAS,,1.0,6.931275100743425,6.0,3.0427835409999044,9.83844268601804,13.763156317405798,6.931275100743425,-,22.83115,False,,,,,
Colson Yankoff,TE,WAS,NYG,NYG@WAS,,1.0,0.9031471040127279,0.0,0.0,1.4684748549979147,3.056619130386845,0.9031471040127279,-,22.83115,False,,,,,
Bo Nix,QB,DEN,LAC,DEN@LAC,,1.0,14.86476253156552,14.199757490724636,9.721152001736812,19.343491388910635,24.573150262706715,14.86476253156552,-,22.4201,False,,,,,
Nate Adkins,TE,DEN,LAC,DEN@LAC,,1.0,2.2608552563424533,1.3459333826136253,0.0,3.4595476174477398,6.065540211143799,2.2608552563424533,-,22.4201,False,,,,,
Tyler Badie,RB,DEN,LAC,DEN@LAC,,1.0,3.4033886342872313,2.477226718718143,0.8567048826943366,5.175941614111196,8.035573425726387,3.4033886342872313,-,22.4201,False,,,,,
Pat Bryant,WR,DEN,LAC,DEN@LAC,,1.0,4.653642859417401,3.730714149134731,1.549376824842999,6.861986721533223,10.32267204192025,4.653642859417401,-,22.4201,False,,,,,
Jonah Coleman,RB,DEN,LAC,DEN@LAC,,0.0,0.0,0.0,0.0,0.0,0.0,0.0,Out (),22.4201,False,,,,,
J.K. Dobbins,RB,DEN,LAC,DEN@LAC,,1.0,9.801757687494069,9.02444213487646,5.282184431006702,13.149346362982026,17.560515457191272,9.801757687494069,-,22.4201,False,,,,,
Evan Engram,TE,DEN,LAC,DEN@LAC,,1.0,5.854450594861598,5.064567871615619,2.515486686696226,8.34641871988422,11.807506073741038,5.854450594861598,-,22.4201,False,,,,,
Troy Franklin,WR,DEN,LAC,DEN@LAC,,1.0,4.435276917458446,3.486677421529291,1.4362565939637397,6.539666758691371,9.91194904776819,4.435276917458446,-,22.4201,False,,,,,
RJ Harvey,RB,DEN,LAC,DEN@LAC,,1.0,11.23396235893248,10.450922730586429,6.896470336631812,14.741244423814308,19.10588553263197,11.23396235893248,-,22.4201,False,,,,,
Lil'Jordan Humphrey,WR,DEN,LAC,DEN@LAC,,1.0,2.459926648736903,1.6483003689594466,0.0,3.9276165626343786,6.455692832164842,2.459926648736903,-,22.4201,False,,,,,
Kolbe Katsis,WR,DEN,LAC,DEN@LAC,,1.0,0.3180881637321104,0.0,0.0,0.0,1.3390311803593788,0.3180881637321104,-,22.4201,False,,,,,
Marvin Mims Jr.,WR,DEN,LAC,DEN@LAC,,1.0,2.8263834825594016,1.9953473281789103,0.0,4.344379782560486,7.058575396217627,2.8263834825594016,-,22.4201,False,,,,,
Adam Prentice,RB,DEN,LAC,DEN@LAC,,1.0,0.4376693329842021,0.0,0.0,0.0,1.7404210686620711,0.4376693329842021,-,22.4201,False,,,,,
Courtland Sutton,WR,DEN,LAC,DEN@LAC,,1.0,8.474328089646564,7.62171513780808,4.143462737801295,11.732532774622015,16.20227396454497,8.474328089646564,-,22.4201,False,,,,,
Adam Trautman,TE,DEN,LAC,DEN@LAC,,1.0,1.4321273331021152,0.0,0.0,2.2007962381312494,4.36873045221352,1.4321273331021152,-,22.4201,False,,,,,
Jaylen Waddle,WR,DEN,LAC,DEN@LAC,,1.0,9.443836989629466,8.46511050191791,4.975091340720508,12.957834648953845,17.497803991146135,9.443836989629466,-,22.4201,False,,,,,
Justin Herbert,QB,LAC,DEN,DEN@LAC,,1.0,13.559001246490178,12.90408007774814,8.668363803606205,17.869075573247134,22.747857907893792,13.559001246490178,-,19.1093,False,,,,,
Derius Davis,WR,LAC,DEN,DEN@LAC,,1.0,0.8516219711302825,0.0,0.0,1.2835355832126965,3.0990784553968287,0.8516219711302825,-,19.1093,False,,,,,
Oronde Gadsden II,TE,LAC,DEN,DEN@LAC,,1.0,6.754299678340326,5.989208094721095,3.031537964311037,9.555867592983418,13.368017080090112,6.754299678340326,-,19.1093,False,,,,,
Omarion Hampton,RB,LAC,DEN,DEN@LAC,,1.0,11.949224514261156,11.102199704893394,7.532306733535904,15.492921308756525,19.896555800723455,11.949224514261156,-,19.1093,False,,,,,
Tre Harris,WR,LAC,DEN,DEN@LAC,,1.0,7.871629749874076,6.949980676801547,3.7211478219586476,11.03933868404136,15.306661716194364,7.871629749874076,-,19.1093,False,,,,,
Patrick Herbert,TE,LAC,DEN,DEN@LAC,,1.0,0.21754242430716408,0.0,0.0,0.0,0.0,0.21754242430716408,-,19.1093,False,,,,,
Alec Ingold,RB,LAC,DEN,DEN@LAC,,1.0,1.279923235644411,0.0,0.0,1.8548751821007434,4.037255576616485,1.279923235644411,-,19.1093,False,,,,,
Quentin Johnston,WR,LAC,DEN,DEN@LAC,,1.0,8.827927105242964,7.889988459609955,4.503139694358259,12.13970765028624,16.6151352620628,8.827927105242964,-,19.1093,False,,,,,
Charlie Kolar,TE,LAC,DEN,DEN@LAC,,1.0,1.9330228578079274,1.3222925099570104,0.0,3.018576011564598,5.531974431433389,1.9330228578079274,-,19.1093,False,,,,,
Ladd McConkey,WR,LAC,DEN,DEN@LAC,,1.0,8.931235596344347,7.98987874923521,4.573938637589052,12.249581340301297,16.920216933790876,8.931235596344347,-,19.1093,False,,,,,
Keaton Mitchell,RB,LAC,DEN,DEN@LAC,,1.0,6.865125317992285,6.025578482557325,3.5984535032202265,9.379015152939207,12.770266187711128,6.865125317992285,-,19.1093,False,,,,,
David Njoku,TE,LAC,DEN,DEN@LAC,,0.0,0.0,0.0,0.0,0.0,0.0,0.0,Out (),19.1093,False,,,,,
Hayden Rucci,TE,LAC,DEN,DEN@LAC,,1.0,0.19107864737525823,0.0,0.0,0.0,0.0,0.19107864737525823,-,19.1093,False,,,,,
Brenen Thompson,WR,LAC,DEN,DEN@LAC,,1.0,1.8721396059546933,1.0416812938890307,0.0,2.9630566182675633,5.580926472390143,1.8721396059546933,-,19.1093,False,,,,,
Marquez Valdes-Scantling,WR,LAC,DEN,DEN@LAC,,1.0,1.9652049545726136,1.2069778296875873,0.0,3.144575506570224,5.891210908438055,1.9652049545726136,-,19.1093,False,,,,,
Kimani Vidal,RB,LAC,DEN,DEN@LAC,,1.0,3.8862155826413813,3.0466103338120707,1.4201021791017234,5.660824657820472,8.569013825578494,3.8862155826413813,-,19.1093,False,,,,,
Jared Goff,QB,DET,ARI,DET@ARI,,1.0,19.31527806403005,18.73980795715659,13.372908555985667,24.55582583160094,30.295321456679314,19.31527806403005,-,30.06115,False,,,,,
Jahmyr Gibbs,RB,DET,ARI,DET@ARI,,1.0,24.04555663064515,23.252358119460787,17.47393642269418,29.70978475453849,36.33227803633931,24.04555663064515,-,30.06115,False,,,,,
Tom Kennedy,WR,DET,ARI,DET@ARI,,1.0,0.6441871822328777,0.0,0.0,0.0,2.5950785515935597,0.6441871822328777,-,30.06115,False,,,,,
Sam LaPorta,TE,DET,ARI,DET@ARI,,1.0,15.07562478521997,14.062967747677725,9.380613917972225,19.740257074888113,25.463719729302912,15.07562478521997,-,30.06115,False,,,,,
Tay Martin,WR,DET,ARI,DET@ARI,,1.0,0.537567988317221,0.0,0.0,0.0,2.2209608800175236,0.537567988317221,-,30.06115,False,,,,,
Jackson Meeks,WR,DET,ARI,DET@ARI,,1.0,1.201061101102924,0.0,0.0,1.9064231871301491,4.182663515912145,1.201061101102924,-,30.06115,False,,,,,
Jacob Saylors,RB,DET,ARI,DET@ARI,,1.0,0.40903026511867135,0.0,0.0,0.08182182549999938,1.4480670898889607,0.40903026511867135,-,30.06115,False,,,,,
Amon-Ra St. Brown,WR,DET,ARI,DET@ARI,,1.0,18.35288570160829,17.337292416798853,12.013099953537914,23.484960757416076,29.886512499735943,18.35288570160829,-,30.06115,False,,,,,
Isaac TeSlaa,WR,DET,ARI,DET@ARI,,1.0,5.2690892154570275,4.207387367616812,1.5824239769174973,7.856324981398032,12.0,5.2690892154570275,-,30.06115,False,,,,,
Sione Vaki,RB,DET,ARI,DET@ARI,,1.0,3.7064898408334797,2.688402092931156,1.1223232902597635,5.612375797549755,8.463968723284902,3.7064898408334797,-,30.06115,False,,,,,
Jameson Williams,WR,DET,ARI,DET@ARI,,1.0,10.76914878706955,9.655627502698662,5.714628586573136,14.690391674514162,20.107122950490865,10.76914878706955,-,30.06115,False,,,,,
Brock Wright,TE,DET,ARI,DET@ARI,,1.0,3.066458284978336,2.106897428049148,0.0,4.829488317741063,7.644467797759387,3.066458284978336,-,30.06115,False,,,,,
Jacoby Brissett,QB,ARI,DET,DET@ARI,,1.0,15.723558144215145,15.08648789555368,10.429217773336331,20.395589669310535,25.5794699664373,15.723558144215145,-,24.4329,False,,,,,
Tyler Allgeier,RB,ARI,DET,DET@ARI,,1.0,7.352775804840148,6.537195828624715,3.6848411438852646,10.122508144655448,13.87669998476668,7.352775804840148,-,24.4329,False,,,,,
Kendrick Bourne,WR,ARI,DET,DET@ARI,,1.0,6.693575561235925,5.912483921398549,3.088539810489064,9.396301842679105,13.312568321191579,6.693575561235925,-,24.4329,False,,,,,
Jalen Brooks,WR,ARI,DET,DET@ARI,,1.0,0.91858870999356,0.0,0.0,1.45002144755068,3.2616698058413944,0.91858870999356,-,24.4329,False,,,,,
Devin Duvernay,WR,ARI,DET,DET@ARI,,1.0,0.6564163788645897,0.0,0.0,0.0,2.503966065272007,0.6564163788645897,-,24.4329,False,,,,,
Simi Fehoko,WR,ARI,DET,DET@ARI,,1.0,0.41021499719460064,0.0,0.0,0.0,1.7751798441571829,0.41021499719460064,-,24.4329,False,,,,,
Marvin Harrison Jr.,WR,ARI,DET,DET@ARI,,1.0,7.5021089732347175,6.578493680590116,3.4947732371068434,10.517853803694063,14.620137029031063,7.5021089732347175,-,24.4329,False,,,,,
Elijah Higgins,TE,ARI,DET,DET@ARI,,1.0,2.700640486053893,1.8217617776612869,0.0,4.090394005588068,6.851488318163066,2.700640486053893,-,24.4329,False,,,,,
Bam Knight,RB,ARI,DET,DET@ARI,,1.0,2.6185780449398277,1.8224702015833538,0.5999497562407143,3.7036795252383925,6.521491174466981,2.6185780449398277,-,24.4329,False,,,,,
Hunter Long,TE,ARI,DET,DET@ARI,,0.0,0.0,0.0,0.0,0.0,0.0,0.0,Out (),24.4329,False,,,,,
Jeremiyah Love,RB,ARI,DET,DET@ARI,,1.0,13.556448964922193,12.73820273463105,8.73829726544422,17.427134151335757,22.329423699327254,13.556448964922193,-,24.4329,False,,,,,
Trey McBride,TE,ARI,DET,DET@ARI,,1.0,18.795982271487475,17.85891152227525,12.977242333261305,23.675480086375963,29.606563548379743,18.795982271487475,-,24.4329,False,,,,,
Michael Wilson,WR,ARI,DET,DET@ARI,,1.0,13.6740404355807,12.76242867894511,8.553467043090528,17.737553416262134,22.97705189980927,13.6740404355807,-,24.4329,False,,,,,
Brock Purdy,QB,SF,SEA,SF@SEA,,1.0,14.852152308992425,14.304336154913518,9.82292227789062,19.2952698072271,24.07231861712397,14.852152308992425,-,21.37585,False,,,,,
Kaelon Black,RB,SF,SEA,SF@SEA,,1.0,4.588870645532429,3.6389379534027455,2.0428903518809,6.43873170079983,9.434484900728881,4.588870645532429,-,21.37585,False,,,,,
Brandin Cooks,WR,SF,SEA,SF@SEA,,1.0,2.296568944073719,1.543108771187617,0.0,3.5953251764046352,6.0,2.296568944073719,-,21.37585,False,,,,,
Jacob Cowing,WR,SF,SEA,SF@SEA,,1.0,1.2903664468756109,0.0,0.0,1.9823662583692487,4.15793118280397,1.2903664468756109,-,21.37585,False,,,,,
Mike Evans,WR,SF,SEA,SF@SEA,,1.0,11.054251100495925,10.084066524578482,6.260799439632226,14.80944336112455,19.74215818271517,11.054251100495925,-,21.37585,False,,,,,
Luke Farrell,TE,SF,SEA,SF@SEA,,1.0,1.048330545141781,0.0,0.0,1.6708040263836548,3.471176279470065,1.048330545141781,-,21.37585,False,,,,,
KhaDarel Hodge,WR,SF,SEA,SF@SEA,,0.0,0.0,0.0,0.0,0.0,0.0,0.0,Out (),21.37585,False,,,,,
Jordan James,RB,SF,SEA,SF@SEA,,1.0,1.5469609941043734,0.8784823659366523,0.22617663556010018,2.0371891433012763,4.029304708960082,1.5469609941043734,-,21.37585,False,,,,,
Kyle Juszczyk,RB,SF,SEA,SF@SEA,,1.0,2.998416828828053,2.062969558463553,0.0,4.576609374582301,7.470373665481,2.998416828828053,-,21.37585,False,,,,,
George Kittle,TE,SF,SEA,SF@SEA,,1.0,11.14901973123493,10.270967428909254,6.428680239007146,14.884505602499003,19.567965414300318,11.14901973123493,-,21.37585,False,,,,,
Christian McCaffrey,RB,SF,SEA,SF@SEA,,1.0,17.888510825432707,17.170071095168886,12.648969911338117,22.257691251749865,27.5342059616308,17.888510825432707,-,21.37585,False,,,,,
Demarcus Robinson,WR,SF,SEA,SF@SEA,,0.0,0.0,0.0,0.0,0.0,0.0,0.0,Out (),21.37585,False,,,,,
Deebo Samuel Sr.,WR,SF,SEA,SF@SEA,,1.0,9.407879684606671,8.55380948904709,5.024140653928878,12.851498911730934,17.328505155861166,9.407879684606671,-,21.37585,False,,,,,
Jordan Watkins,WR,SF,SEA,SF@SEA,,1.0,1.8838700284755985,0.0,0.0,2.9813235630227584,5.953051386874355,1.8838700284755985,-,21.37585,False,,,,,
Brayden Willis,TE,SF,SEA,SF@SEA,,1.0,0.14184408134281276,0.0,0.0,0.0,0.0,0.14184408134281276,-,21.37585,False,,,,,
Sam Darnold,QB,SEA,SF,SF@SEA,,1.0,15.378073303473093,14.75602994736623,10.201135151331423,19.923830815258476,24.976648186065145,15.378073303473093,-,24.1483,False,,,,,
Elijah Arroyo,TE,SEA,SF,SF@SEA,,1.0,1.509892587694875,0.0,0.0,2.2936719937516887,4.621114861147287,1.509892587694875,-,24.1483,False,,,,,
AJ Barner,TE,SEA,SF,SF@SEA,,1.0,8.410409542166054,7.607470852761825,4.301534285548866,11.577542692970368,15.750118043789763,8.410409542166054,-,24.1483,False,,,,,
Montorie Foster Jr,WR,SEA,SF,SF@SEA,,1.0,0.4598936917017607,0.0,0.0,0.0,1.8805357410717594,0.4598936917017607,-,24.1483,False,,,,,
George Holani,RB,SEA,SF,SF@SEA,,1.0,6.901001136966178,6.019664713807799,3.424012517380269,9.55984861405641,13.045674415401598,6.901001136966178,-,24.1483,False,,,,,
Tory Horton,WR,SEA,SF,SF@SEA,,1.0,3.450364865095833,2.5145487836233635,0.0,5.425988229596459,8.29946105426503,3.450364865095833,-,24.1483,False,,,,,
Cooper Kupp,WR,SEA,SF,SF@SEA,,1.0,6.5123128272761,5.761544350384211,2.8314615938121794,9.29616885077265,13.0483457365728,6.5123128272761,-,24.1483,False,,,,,
Jadarian Price,RB,SEA,SF,SF@SEA,,0.0,0.0,0.0,0.0,0.0,0.0,0.0,Out (),24.1483,False,,,,,
Brady Russell,RB,SEA,SF,SF@SEA,,1.0,0.8687945865232769,0.0,0.0,1.4247167906402993,2.8446311423009525,0.8687945865232769,-,24.1483,False,,,,,
Eric Saubert,TE,SEA,SF,SF@SEA,,1.0,1.3784803530063305,0.0,0.0,1.93276025091962,5.431410527377312,1.3784803530063305,-,24.1483,False,,,,,
Rashid Shaheed,WR,SEA,SF,SF@SEA,,1.0,7.308739423610415,6.4441252232250354,3.5461934368454076,10.112937156727572,14.091493105831411,7.308739423610415,-,24.1483,False,,,,,
Jaxon Smith-Njigba,WR,SEA,SF,SF@SEA,,1.0,20.350409020029904,19.323569944010714,13.657203016574629,25.8032863806706,32.67747808660937,20.350409020029904,-,24.1483,False,,,,,
Emanuel Wilson,RB,SEA,SF,SF@SEA,,1.0,11.772972617002349,10.998559850700262,7.167825509519736,15.331523506721846,19.817312995809615,11.772972617002349,-,24.1483,False,,,,,
Lamar Jackson,QB,BAL,ATL,BAL@ATL,,0.98,14.737340153202423,14.34091671533695,10.228734080163377,19.14508115288828,23.87216849618844,15.03810219714533,no game designation yet (DNP),20.0049,False,,,,,
Rasheen Ali,RB,BAL,ATL,BAL@ATL,,1.0,1.0086523938319656,0.033578954873926405,0.0,1.5283563131594862,3.080684028184209,1.0086523938319656,-,20.0049,False,,,,,
Mark Andrews,TE,BAL,ATL,BAL@ATL,,0.9479829842591244,9.281878731419084,8.92001471261165,5.540166077514042,13.07449969385275,17.520067056596464,9.79118706299685,no game designation yet (Full),20.0049,False,,,,,
Rashod Bateman,WR,BAL,ATL,BAL@ATL,,0.9575230478992892,6.435874700518403,5.919324198399641,2.889730220494015,9.54443544950254,13.587919176690725,6.721378367484809,no game designation yet (Limited),20.0049,False,,,,,
Josh Cuevas,TE,BAL,ATL,BAL@ATL,,1.0,0.4674102819059175,0.0,0.0,0.0,1.9123993232595313,0.4674102819059175,-,20.0049,False,,,,,
Zay Flowers,WR,BAL,ATL,BAL@ATL,,0.9575230478992892,16.087220726206642,15.658920901785079,10.77509716017677,21.76348968537937,27.942181854659207,16.800870497582707,no game designation yet (Limited),20.0049,False,,,,,
Derrick Henry,RB,BAL,ATL,BAL@ATL,,1.0,13.741211014762568,12.859126950983747,8.716328634236557,17.72156274194902,22.7317141963198,13.741211014762568,-,20.0049,False,,,,,
Matthew Hibner,TE,BAL,ATL,BAL@ATL,,1.0,1.6556770715164202,0.0,0.0,2.547012381899172,5.184703552872876,1.6556770715164202,-,20.0049,False,,,,,
Justice Hill,RB,BAL,ATL,BAL@ATL,,1.0,4.319293869534007,3.4892192752174838,1.7070261190743472,6.200584355072464,9.127436420345672,4.319293869534007,-,20.0049,False,,,,,
Ja'Kobi Lane,WR,BAL,ATL,BAL@ATL,,0.0,0.0,0.0,0.0,0.0,0.0,0.0,Out (),20.0049,False,,,,,
Chris Moore,WR,BAL,ATL,BAL@ATL,,0.9575230478992892,3.801514839471188,3.0595244612680625,1.1151634148472709,6.0,9.17354781373857,3.970154919833351,no game designation yet (Limited),20.0049,False,,,,,
Elijah Sarratt,WR,BAL,ATL,BAL@ATL,,1.0,2.733976897337926,1.905861188275487,0.0,4.249962184779858,6.930930778638388,2.733976897337926,-,20.0049,False,,,,,
Durham Smythe,TE,BAL,ATL,BAL@ATL,,0.0,0.0,0.0,0.0,0.0,0.0,0.0,Out (DNP),20.0049,False,,,,,
Devontez Walker,WR,BAL,ATL,BAL@ATL,,1.0,2.202815810247963,1.4210781585172383,0.0,3.4473157327900594,6.0,2.202815810247963,-,20.0049,False,,,,,
LaJohntay Wester,WR,BAL,ATL,BAL@ATL,,1.0,0.9123008679364586,0.0,0.0,1.459181260625349,3.2234573777452185,0.9123008679364586,-,20.0049,False,,,,,
Michael Penix Jr.,QB,ATL,BAL,BAL@ATL,,1.0,10.731629803698434,10.087541315781074,6.172283009687142,14.527389176610821,18.973845033389118,10.731629803698434,-,23.4142,False,,,,,
Chris Blair,WR,ATL,BAL,BAL@ATL,,1.0,0.9815266681597595,0.0,0.0,1.5970295277053457,3.3490785434109664,0.9815266681597595,-,23.4142,False,,,,,
Zachariah Branch,WR,ATL,BAL,BAL@ATL,,1.0,1.9926855917590238,1.3557787321277575,0.0,3.1079217743361203,5.8508096366772655,1.9926855917590238,-,23.4142,False,,,,,
Jahan Dotson,WR,ATL,BAL,BAL@ATL,,1.0,4.971210596714114,4.109852549250464,1.764402936563559,7.316760037208657,10.690486867477613,4.971210596714114,-,23.4142,False,,,,,
Austin Hooper,TE,ATL,BAL,BAL@ATL,,1.0,2.691307360164363,1.8239210294003838,0.0,4.073385317738374,6.888698471731395,2.691307360164363,-,23.4142,False,,,,,
Drake London,WR,ATL,BAL,BAL@ATL,,1.0,13.102297579005192,12.147029797054437,7.937333146991136,17.224851401485356,22.621587541245,13.102297579005192,-,23.4142,False,,,,,
Nick Muse,TE,ATL,BAL,BAL@ATL,,1.0,0.25903609100122793,0.0,0.0,0.0,1.1488321565377744,0.25903609100122793,-,23.4142,False,,,,,
Kyle Pitts,TE,ATL,BAL,BAL@ATL,,1.0,6.321065669410592,5.568907881363007,2.996282107375144,8.855853946676731,12.350708744129394,6.321065669410592,-,23.4142,False,,,,,
Bijan Robinson,RB,ATL,BAL,BAL@ATL,,1.0,21.8579002421844,21.113399009596034,15.743411324067178,26.974363008771093,33.0151086117126,21.8579002421844,-,23.4142,False,,,,,
Brian Robinson,RB,ATL,BAL,BAL@ATL,,1.0,7.093086857162373,6.1967027100080525,3.1991704713868447,9.929800591751885,13.763295796227776,7.093086857162373,-,23.4142,False,,,,,
Charlie Woerner,TE,ATL,BAL,BAL@ATL,,1.0,0.9831559395151318,0.0,0.0,1.4512619443400647,3.380363283309638,0.9831559395151318,-,23.4142,False,,,,,
Olamide Zaccheaus,WR,ATL,BAL,BAL@ATL,,1.0,3.7719700619714285,2.891870276821528,1.255793862080952,5.750405618869189,8.702915906056035,3.7719700619714285,-,23.4142,False,,,,,
Josh Allen,QB,BUF,LA,BUF@LA,,1.0,16.298122010712007,15.680285740704868,10.943519091123246,21.03820401684844,26.27664326704797,16.298122010712007,-,25.6945,False,,,,,
Keon Coleman,WR,BUF,LA,BUF@LA,,1.0,6.768275124665632,6.0,2.963984646714491,9.60177968783678,13.589911545123174,6.768275124665632,-,25.6945,False,,,,,
James Cook,RB,BUF,LA,BUF@LA,,1.0,16.627120725701342,15.891553440585572,11.066301932916465,21.21985794444275,26.570367726616976,16.627120725701342,-,25.6945,False,,,,,
Ray Davis,RB,BUF,LA,BUF@LA,,1.0,1.563993099241137,0.7045834326743049,0.04283411967237931,2.0923188427259523,4.680126345905742,1.563993099241137,-,25.6945,False,,,,,
Greg Dortch,WR,BUF,LA,BUF@LA,,1.0,0.9543140641016363,0.0,0.0,1.564116296917598,3.2217337988062367,0.9543140641016363,-,25.6945,False,,,,,
Frank Gore Jr.,RB,BUF,LA,BUF@LA,,1.0,0.8518911003138101,0.16349398793808007,0.0,0.9304422871642828,2.4536895206978406,0.8518911003138101,-,25.6945,False,,,,,
Jackson Hawes,TE,BUF,LA,BUF@LA,,1.0,0.8547776231820844,0.0,0.0,1.3849991340416763,2.930835002713844,0.8547776231820844,-,25.6945,False,,,,,
Ty Johnson,RB,BUF,LA,BUF@LA,,1.0,5.425399389093204,4.552119821311325,2.2576667171605376,7.760718165082525,11.008061453884052,5.425399389093204,-,25.6945,False,,,,,
Dalton Kincaid,TE,BUF,LA,BUF@LA,,1.0,7.858950011621168,7.077710615342653,3.9394141709521815,10.858835486362146,14.937100265990262,7.858950011621168,-,25.6945,False,,,,,
Dawson Knox,TE,BUF,LA,BUF@LA,,1.0,2.9417020551581268,1.9947119577070422,0.0,4.513963474055427,7.440401819483886,2.9417020551581268,-,25.6945,False,,,,,
Keleki Latu,TE,BUF,LA,BUF@LA,,1.0,0.158577192258808,0.0,0.0,0.0,0.0,0.158577192258808,-,25.6945,False,,,,,
DJ Moore,WR,BUF,LA,BUF@LA,,1.0,8.400926294260847,7.4953965303245935,4.164029589339924,11.612179155453948,16.10910065953356,8.400926294260847,-,25.6945,False,,,,,
Josh Palmer,WR,BUF,LA,BUF@LA,,1.0,3.6799101100042053,2.7565433548405354,0.0,5.749078789701148,8.74531254592828,3.6799101100042053,-,25.6945,False,,,,,
Khalil Shakir,WR,BUF,LA,BUF@LA,,1.0,9.693294302851513,8.856723721299904,5.212482708485405,13.245781406527271,17.76786481617181,9.693294302851513,-,25.6945,False,,,,,
Matthew Stafford,QB,LA,BUF,BUF@LA,,1.0,17.651341972226568,17.005992352024276,11.792557881236501,22.88557505931886,28.631467603091412,17.651341972226568,-,28.65345,False,,,,,
Davante Adams,WR,LA,BUF,BUF@LA,,1.0,15.916084628455483,14.738387008027168,9.664274037521043,20.947656127129875,27.33068503346205,15.916084628455483,-,28.65345,False,,,,,
Davis Allen,TE,LA,BUF,BUF@LA,,1.0,2.259779116409269,1.5196358599892514,0.0,3.486597181736421,6.0,2.259779116409269,-,28.65345,False,,,,,
Tutu Atwell,WR,LA,BUF,BUF@LA,,1.0,2.3446078374088617,1.5115728755519844,0.0,3.6852799893266477,6.25374444795764,2.3446078374088617,-,28.65345,False,,,,,
Alex Bachman,WR,LA,BUF,BUF@LA,,1.0,0.4818630939824559,0.0,0.0,0.0,1.9885086180625078,0.4818630939824559,-,28.65345,False,,,,,
Dean Connors,RB,LA,BUF,BUF@LA,,1.0,0.2885143788851603,0.0,0.0,0.0,1.061259249709805,0.2885143788851603,-,28.65345,False,,,,,
Blake Corum,RB,LA,BUF,BUF@LA,,1.0,7.234650370744668,6.323875260473434,3.496553624876581,10.009632598999286,13.72017066867312,7.234650370744668,-,28.65345,False,,,,,
Terrance Ferguson,TE,LA,BUF,BUF@LA,,0.0,0.0,0.0,0.0,0.0,0.0,0.0,Out (),28.65345,False,,,,,
Tyler Higbee,TE,LA,BUF,BUF@LA,,1.0,6.469575416571516,5.692212877511679,2.75197762890163,9.196651989261587,13.172473565877773,6.469575416571516,-,28.65345,False,,,,,
Konata Mumpfield,WR,LA,BUF,BUF@LA,,1.0,3.5682641544196056,2.478647301294477,0.0,5.954237609353267,8.796924902882772,3.5682641544196056,-,28.65345,False,,,,,
Puka Nacua,WR,LA,BUF,BUF@LA,,1.0,18.785186061142024,17.72524911774626,12.300259442195584,24.11175801312816,30.822082425383368,18.785186061142024,-,28.65345,False,,,,,
Colby Parkinson,TE,LA,BUF,BUF@LA,,1.0,4.177702506709146,3.199024584740179,1.286985653937816,6.018752289014315,9.614319967544066,4.177702506709146,-,28.65345,False,,,,,
Ronnie Rivers,RB,LA,BUF,BUF@LA,,0.0,0.0,0.0,0.0,0.0,0.0,0.0,Out (),28.65345,False,,,,,
Xavier Smith,WR,LA,BUF,BUF@LA,,0.0,0.0,0.0,0.0,0.0,0.0,0.0,Out (),28.65345,False,,,,,
Jordan Whittington,WR,LA,BUF,BUF@LA,,1.0,2.0928739537454844,1.2725454537492764,0.0,3.283145692369877,6.0,2.0928739537454844,-,28.65345,False,,,,,
Kyren Williams,RB,LA,BUF,BUF@LA,,1.0,18.238306540027697,17.452223243991916,12.543654508437246,23.08944172208572,28.677675894797034,18.238306540027697,-,28.65345,False,,,,,
Chase McLaughlin,K,TB,DAL,TB@DAL,,0.9948149654331028,7.784327623017487,8.0,6.0,10.0,12.0,,no game designation yet (Full),19.5181,False,1.9926,1.8471,,,
Brandon Aubrey,K,DAL,TB,TB@DAL,,1.0,8.6327,9.0,6.0,11.0,13.0,,-,28.0566,False,1.85215,3.07625,,,
TB DST,DST,TB,DAL,TB@DAL,,1.0,3.88665,3.0,1.0,6.0,9.0,,-,19.5181,True,,,1.57635,0.9942,27.1396
DAL DST,DST,DAL,TB,TB@DAL,,1.0,8.2114,8.0,5.0,11.0,14.0,,-,28.0566,True,,,3.05925,1.34055,18.6429
Jake Elliott,K,PHI,JAX,PHI@JAX,INTL neutral site,1.0,5.97905,6.0,4.0,8.0,10.0,,-,17.76235,False,1.37145,1.8647,,,
Cam Little,K,JAX,PHI,PHI@JAX,INTL neutral site,1.0,7.93575,8.0,6.0,10.0,12.0,,-,24.82965,False,1.75255,2.6781,,,
PHI DST,DST,PHI,JAX,PHI@JAX,INTL neutral site,1.0,4.5595,4.0,2.0,7.0,10.0,,-,17.76235,True,,,1.55495,0.9716,23.95155
JAX DST,DST,JAX,PHI,PHI@JAX,INTL neutral site,1.0,8.77285,8.0,5.0,12.0,15.0,,-,24.82965,True,,,2.8336,1.53845,16.8827
Cairo Santos,K,CHI,GB,CHI@GB,,1.0,7.72875,8.0,5.0,10.0,12.0,,-,23.44355,False,1.7461,2.49045,,,
Trey Smack,K,GB,CHI,CHI@GB,,1.0,7.15405,7.0,5.0,9.0,11.0,,-,21.83525,False,1.6095,2.32555,,,
CHI DST,DST,CHI,GB,CHI@GB,,1.0,7.0528,7.0,4.0,10.0,13.0,,-,23.44355,True,,,2.48205,1.36795,20.9151
GB DST,DST,GB,CHI,CHI@GB,,1.0,5.5799,5.0,3.0,8.0,11.0,,-,21.83525,True,,,2.0198,1.0624,22.5286
Evan McPherson,K,CIN,MIA,CIN@MIA,,1.0,8.484,8.0,6.0,11.0,13.0,,-,24.4172,False,1.9891,2.5167,,,
Riley Patterson,K,MIA,CIN,CIN@MIA,,1.0,6.6231,7.0,4.0,9.0,11.0,,-,18.0238,False,1.6074,1.8009,,,
CIN DST,DST,CIN,MIA,CIN@MIA,,1.0,8.47345,8.0,5.0,11.0,15.0,,-,24.4172,True,,,3.343,1.1193,17.1037
MIA DST,DST,MIA,CIN,CIN@MIA,,1.0,5.34995,5.0,2.0,8.0,11.0,,-,18.0238,True,,,1.7437,1.19345,23.50935
Matt Gay,K,LV,NE,LV@NE,,1.0,8.3722,8.0,6.0,11.0,13.0,,-,21.0328,False,2.12225,2.00545,,,
Andy Borregales,K,NE,LV,LV@NE,,1.0,7.21995,7.0,5.0,9.0,11.0,,-,24.52965,False,1.4925,2.74245,,,
LV DST,DST,LV,NE,LV@NE,,1.0,7.4707,7.0,4.0,10.0,14.0,,-,21.0328,True,,,2.73455,1.8128,23.61895
NE DST,DST,NE,LV,LV@NE,,1.0,6.1976,6.0,3.0,9.0,12.0,,-,24.52965,True,,,1.4734,1.32285,20.12415
Will Reichard,K,MIN,NO,MIN@NO,,1.0,9.1456,9.0,7.0,11.0,13.0,,-,21.9874,False,2.37145,2.03125,,,
Daniel Carlson,K,NO,MIN,MIN@NO,,1.0,6.66385,7.0,4.0,9.0,11.0,,-,20.51085,False,1.49095,2.191,,,
MIN DST,DST,MIN,NO,MIN@NO,,1.0,8.2695,8.0,5.0,11.0,14.0,,-,21.9874,True,,,3.41135,1.3631,19.62355
NO DST,DST,NO,MIN,MIN@NO,,1.0,6.79385,6.0,4.0,9.0,13.0,,-,20.51085,True,,,2.9399,1.03825,21.08435
Andre Szmyt,K,CLE,NYJ,CLE@NYJ,,1.0,7.4336,7.0,5.0,10.0,12.0,,-,18.9826,False,1.8701,1.8233,,,
Jason Sanders,K,NYJ,CLE,CLE@NYJ,,1.0,7.24625,7.0,5.0,9.0,11.0,,-,20.36105,False,1.724,2.07425,,,
CLE DST,DST,CLE,NYJ,CLE@NYJ,,1.0,7.11105,7.0,4.0,10.0,13.0,,-,18.9826,True,,,3.14495,0.86735,19.4731
NYJ DST,DST,NYJ,CLE,CLE@NYJ,,1.0,7.5918,7.0,4.0,10.0,13.0,,-,20.36105,True,,,2.8003,1.0874,18.081
Spencer Shrader,K,IND,PIT,IND@PIT,,1.0,8.69855,9.0,7.0,11.0,13.0,,-,21.03765,False,2.2487,1.95245,,,
Chris Boswell,K,PIT,IND,IND@PIT,,1.0,7.7366,8.0,5.0,10.0,12.0,,-,23.5032,False,1.74715,2.49515,,,
IND DST,DST,IND,PIT,IND@PIT,,1.0,6.6317,6.0,3.0,9.0,13.0,,-,21.03765,True,,,2.9,1.17025,22.59785
PIT DST,DST,PIT,IND,IND@PIT,,1.0,7.35285,7.0,4.0,10.0,13.0,,-,23.5032,True,,,2.2997,1.50095,20.15775
Ka'imi Fairbairn,K,HOU,TEN,HOU@TEN,,1.0,7.60855,8.0,5.0,10.0,12.0,,-,22.46375,False,1.7519,2.35285,,,
Joey Slye,K,TEN,HOU,HOU@TEN,,1.0,5.604,5.0,3.0,8.0,10.0,,-,15.0016,False,1.3743,1.4811,,,
HOU DST,DST,HOU,TEN,HOU@TEN,,1.0,8.17585,8.0,5.0,11.0,14.0,,-,22.46375,True,,,2.2886,1.05985,14.0953
TEN DST,DST,TEN,HOU,HOU@TEN,,1.0,6.11755,6.0,3.0,9.0,12.0,,-,15.0016,True,,,2.77805,0.8261,21.5665
Dominic Zvada,K,NYG,WAS,NYG@WAS,,1.0,7.8032,8.0,6.0,10.0,12.0,,-,19.444,False,1.9881,1.8389,,,
Drew Stevens,K,WAS,NYG,NYG@WAS,,1.0,7.62855,8.0,5.0,10.0,12.0,,-,22.83115,False,1.7413,2.40465,,,
NYG DST,DST,NYG,WAS,NYG@WAS,,1.0,4.92605,4.0,2.0,7.0,10.0,,-,19.444,True,,,1.0149,1.1692,21.96125
WAS DST,DST,WAS,NYG,NYG@WAS,,1.0,7.2339,7.0,4.0,10.0,13.0,,-,22.83115,True,,,2.345,1.212,18.54765
Wil Lutz,K,DEN,LAC,DEN@LAC,,1.0,6.9301,7.0,5.0,9.0,11.0,,-,22.4201,False,1.4916,2.4553,,,
Cameron Dicker,K,LAC,DEN,DEN@LAC,,1.0,6.8056,7.0,4.0,9.0,11.0,,-,19.1093,False,1.62085,1.94305,,,
DEN DST,DST,DEN,LAC,DEN@LAC,,1.0,8.2358,8.0,5.0,11.0,14.0,,-,22.4201,True,,,2.6686,1.51565,18.21995
LAC DST,DST,LAC,DEN,DEN@LAC,,1.0,6.2642,6.0,3.0,9.0,12.0,,-,19.1093,True,,,1.8251,1.41015,21.53485
Jake Bates,K,DET,ARI,DET@ARI,,1.0,8.60635,9.0,6.0,11.0,13.0,,-,30.06115,False,1.73585,3.3988,,,
Chad Ryland,K,ARI,DET,DET@ARI,,1.0,8.1831,8.0,6.0,10.0,12.0,,-,24.4329,False,1.87065,2.57115,,,
DET DST,DST,DET,ARI,DET@ARI,,1.0,6.0294,6.0,3.0,9.0,12.0,,-,30.06115,True,,,2.30145,1.27095,23.5647
ARI DST,DST,ARI,DET,DET@ARI,,1.0,4.10065,4.0,1.0,7.0,10.0,,-,24.4329,True,,,2.07595,1.0799,29.14225
Eddy Pineiro,K,SF,SEA,SF@SEA,,1.0,6.42685,6.0,4.0,9.0,11.0,,-,21.37585,False,1.3547,2.36275,,,
Jason Myers,K,SEA,SF,SF@SEA,,1.0,7.1887,7.0,5.0,9.0,12.0,,-,24.1483,False,1.5003,2.6878,,,
SF DST,DST,SF,SEA,SF@SEA,,1.0,4.878,4.0,2.0,7.0,10.0,,-,21.37585,True,,,1.44005,1.10315,23.2134
SEA DST,DST,SEA,SF,SF@SEA,,1.0,5.1544,5.0,2.0,8.0,11.0,,-,24.1483,True,,,0.85355,1.1987,20.4556
Tyler Loop,K,BAL,ATL,BAL@ATL,,1.0,6.9068,7.0,5.0,9.0,11.0,,-,20.0049,False,1.6124,2.0696,,,
Nick Folk,K,ATL,BAL,BAL@ATL,,1.0,7.3816,7.0,5.0,10.0,12.0,,-,23.4142,False,1.61565,2.53465,,,
BAL DST,DST,BAL,ATL,BAL@ATL,,1.0,5.9786,5.0,3.0,9.0,12.0,,-,20.0049,True,,,1.82615,1.3785,22.52425
ATL DST,DST,ATL,BAL,BAL@ATL,,1.0,5.72365,5.0,3.0,8.0,11.0,,-,23.4142,True,,,1.6038,0.91905,19.10685
Tyler Bass,K,BUF,LA,BUF@LA,,1.0,7.7293,8.0,5.0,10.0,12.0,,-,25.6945,False,1.6264,2.8501,,,
Harrison Mevis,K,LA,BUF,BUF@LA,,1.0,7.80185,8.0,5.0,10.0,12.0,,-,28.65345,False,1.49985,3.3023,,,
BUF DST,DST,BUF,LA,BUF@LA,,1.0,4.8837,4.0,2.0,7.0,11.0,,-,25.6945,True,,,1.7077,1.5054,27.74125
LA DST,DST,LA,BUF,BUF@LA,,1.0,5.2767,5.0,2.0,8.0,11.0,,-,28.65345,True,,,2.10475,1.14675,24.7782
