team,opp,home,game,note,pts_mean,p25,p50,p75,p90,win_prob,fair_ml
TB,DAL,False,TB@DAL,,19.518,13.0,20.0,26.0,31.0,0.268,273
DAL,TB,True,TB@DAL,,28.057,20.0,27.0,35.0,41.0,0.732,-273
PHI,JAX,False,PHI@JAX,INTL neutral site,17.762,10.0,17.0,24.0,30.0,0.303,231
JAX,PHI,True,PHI@JAX,INTL neutral site,24.83,17.0,24.0,31.0,38.0,0.697,-231
CHI,GB,False,CHI@GB,,23.444,17.0,23.0,30.0,37.0,0.548,-121
GB,CHI,True,CHI@GB,,21.835,14.0,21.0,28.0,34.0,0.452,121
CIN,MIA,False,CIN@MIA,,24.417,17.0,24.0,31.0,37.0,0.678,-211
MIA,CIN,True,CIN@MIA,,18.024,10.0,17.0,24.0,30.0,0.322,211
LV,NE,False,LV@NE,,21.033,13.0,20.0,27.0,34.0,0.396,153
NE,LV,True,LV@NE,,24.53,17.0,24.0,31.0,38.0,0.604,-153
MIN,NO,False,MIN@NO,,21.987,16.0,21.0,27.0,34.0,0.537,-116
NO,MIN,True,MIN@NO,,20.511,13.0,20.0,27.0,34.0,0.463,116
CLE,NYJ,False,CLE@NYJ,,18.983,13.0,19.0,24.0,31.0,0.456,119
NYJ,CLE,True,CLE@NYJ,,20.361,13.0,20.0,27.0,34.0,0.544,-119
IND,PIT,False,IND@PIT,,21.038,13.0,20.0,27.0,34.0,0.425,135
PIT,IND,True,IND@PIT,,23.503,17.0,23.0,30.0,37.0,0.575,-135
HOU,TEN,False,HOU@TEN,,22.464,16.0,23.0,30.0,36.0,0.716,-252
TEN,HOU,True,HOU@TEN,,15.002,9.0,14.0,20.0,27.0,0.284,252
NYG,WAS,False,NYG@WAS,,19.444,13.0,19.0,26.0,31.0,0.402,148
WAS,NYG,True,NYG@WAS,,22.831,16.0,23.0,30.0,37.0,0.598,-148
DEN,LAC,False,DEN@LAC,,22.42,16.0,21.0,30.0,35.1,0.595,-147
LAC,DEN,True,DEN@LAC,,19.109,13.0,19.0,25.0,31.0,0.405,147
DET,ARI,False,DET@ARI,,30.061,23.0,30.0,37.0,44.0,0.65,-186
ARI,DET,True,DET@ARI,,24.433,17.0,24.0,31.0,38.0,0.35,186
SF,SEA,False,SF@SEA,,21.376,14.0,20.0,27.0,34.0,0.422,137
SEA,SF,True,SF@SEA,,24.148,17.0,24.0,31.0,38.0,0.578,-137
BAL,ATL,False,BAL@ATL,,20.005,13.0,20.0,27.0,33.0,0.401,149
ATL,BAL,True,BAL@ATL,,23.414,17.0,23.0,30.0,37.0,0.599,-149
BUF,LA,False,BUF@LA,,25.694,17.0,24.0,33.0,40.0,0.421,137
LA,BUF,True,BUF@LA,,28.653,21.0,28.0,37.0,43.0,0.579,-137
