game,team,injury_rows,out_rows,has_report
TB@DAL,TB,9,4,True
TB@DAL,DAL,11,3,True
PHI@JAX,PHI,0,0,False
PHI@JAX,JAX,11,0,True
CHI@GB,CHI,12,0,True
CHI@GB,GB,10,0,True
CIN@MIA,CIN,12,0,True
CIN@MIA,MIA,11,0,True
LV@NE,LV,0,0,False
LV@NE,NE,15,0,True
MIN@NO,MIN,9,0,True
MIN@NO,NO,13,0,True
CLE@NYJ,CLE,9,0,True
CLE@NYJ,NYJ,8,0,True
IND@PIT,IND,9,0,True
IND@PIT,PIT,5,0,True
HOU@TEN,HOU,13,0,True
HOU@TEN,TEN,8,0,True
NYG@WAS,NYG,10,0,True
NYG@WAS,WAS,23,0,True
DEN@LAC,DEN,0,0,False
DEN@LAC,LAC,0,0,False
DET@ARI,DET,6,0,True
DET@ARI,ARI,0,0,False
SF@SEA,SF,0,0,False
SF@SEA,SEA,0,0,False
BAL@ATL,BAL,13,0,True
BAL@ATL,ATL,5,0,True
BUF@LA,BUF,0,0,False
BUF@LA,LA,0,0,False
