game_id,bookmaker,away_team,home_team,market,commence_utc,reject
855f58fad5f0f14b239f4f63df27998b,DraftKings,Seattle Seahawks,Denver Broncos,h2h,2026-10-16 00:15:00,not a Week 5 game on the schedule
855f58fad5f0f14b239f4f63df27998b,DraftKings,Seattle Seahawks,Denver Broncos,h2h,2026-10-16 00:15:00,not a Week 5 game on the schedule
855f58fad5f0f14b239f4f63df27998b,DraftKings,Seattle Seahawks,Denver Broncos,spreads,2026-10-16 00:15:00,not a Week 5 game on the schedule
855f58fad5f0f14b239f4f63df27998b,DraftKings,Seattle Seahawks,Denver Broncos,spreads,2026-10-16 00:15:00,not a Week 5 game on the schedule
855f58fad5f0f14b239f4f63df27998b,DraftKings,Seattle Seahawks,Denver Broncos,totals,2026-10-16 00:15:00,not a Week 5 game on the schedule
855f58fad5f0f14b239f4f63df27998b,DraftKings,Seattle Seahawks,Denver Broncos,totals,2026-10-16 00:15:00,not a Week 5 game on the schedule
855f58fad5f0f14b239f4f63df27998b,BetUS,Seattle Seahawks,Denver Broncos,spreads,2026-10-16 00:15:00,not a Week 5 game on the schedule
855f58fad5f0f14b239f4f63df27998b,BetUS,Seattle Seahawks,Denver Broncos,spreads,2026-10-16 00:15:00,not a Week 5 game on the schedule
855f58fad5f0f14b239f4f63df27998b,BetUS,Seattle Seahawks,Denver Broncos,totals,2026-10-16 00:15:00,not a Week 5 game on the schedule
855f58fad5f0f14b239f4f63df27998b,BetUS,Seattle Seahawks,Denver Broncos,totals,2026-10-16 00:15:00,not a Week 5 game on the schedule
855f58fad5f0f14b239f4f63df27998b,FanDuel,Seattle Seahawks,Denver Broncos,h2h,2026-10-16 00:15:00,not a Week 5 game on the schedule
855f58fad5f0f14b239f4f63df27998b,FanDuel,Seattle Seahawks,Denver Broncos,h2h,2026-10-16 00:15:00,not a Week 5 game on the schedule
855f58fad5f0f14b239f4f63df27998b,FanDuel,Seattle Seahawks,Denver Broncos,spreads,2026-10-16 00:15:00,not a Week 5 game on the schedule
855f58fad5f0f14b239f4f63df27998b,FanDuel,Seattle Seahawks,Denver Broncos,spreads,2026-10-16 00:15:00,not a Week 5 game on the schedule
855f58fad5f0f14b239f4f63df27998b,FanDuel,Seattle Seahawks,Denver Broncos,totals,2026-10-16 00:15:00,not a Week 5 game on the schedule
855f58fad5f0f14b239f4f63df27998b,FanDuel,Seattle Seahawks,Denver Broncos,totals,2026-10-16 00:15:00,not a Week 5 game on the schedule
855f58fad5f0f14b239f4f63df27998b,LowVig.ag,Seattle Seahawks,Denver Broncos,spreads,2026-10-16 00:15:00,not a Week 5 game on the schedule
855f58fad5f0f14b239f4f63df27998b,LowVig.ag,Seattle Seahawks,Denver Broncos,spreads,2026-10-16 00:15:00,not a Week 5 game on the schedule
855f58fad5f0f14b239f4f63df27998b,LowVig.ag,Seattle Seahawks,Denver Broncos,totals,2026-10-16 00:15:00,not a Week 5 game on the schedule
855f58fad5f0f14b239f4f63df27998b,LowVig.ag,Seattle Seahawks,Denver Broncos,totals,2026-10-16 00:15:00,not a Week 5 game on the schedule
855f58fad5f0f14b239f4f63df27998b,BetOnline.ag,Seattle Seahawks,Denver Broncos,spreads,2026-10-16 00:15:00,not a Week 5 game on the schedule
855f58fad5f0f14b239f4f63df27998b,BetOnline.ag,Seattle Seahawks,Denver Broncos,spreads,2026-10-16 00:15:00,not a Week 5 game on the schedule
855f58fad5f0f14b239f4f63df27998b,BetOnline.ag,Seattle Seahawks,Denver Broncos,totals,2026-10-16 00:15:00,not a Week 5 game on the schedule
855f58fad5f0f14b239f4f63df27998b,BetOnline.ag,Seattle Seahawks,Denver Broncos,totals,2026-10-16 00:15:00,not a Week 5 game on the schedule
855f58fad5f0f14b239f4f63df27998b,Bally Bet,Seattle Seahawks,Denver Broncos,h2h,2026-10-16 00:15:00,not a Week 5 game on the schedule
855f58fad5f0f14b239f4f63df27998b,Bally Bet,Seattle Seahawks,Denver Broncos,h2h,2026-10-16 00:15:00,not a Week 5 game on the schedule
855f58fad5f0f14b239f4f63df27998b,Bally Bet,Seattle Seahawks,Denver Broncos,spreads,2026-10-16 00:15:00,not a Week 5 game on the schedule
855f58fad5f0f14b239f4f63df27998b,Bally Bet,Seattle Seahawks,Denver Broncos,spreads,2026-10-16 00:15:00,not a Week 5 game on the schedule
855f58fad5f0f14b239f4f63df27998b,Bally Bet,Seattle Seahawks,Denver Broncos,totals,2026-10-16 00:15:00,not a Week 5 game on the schedule
855f58fad5f0f14b239f4f63df27998b,Bally Bet,Seattle Seahawks,Denver Broncos,totals,2026-10-16 00:15:00,not a Week 5 game on the schedule
855f58fad5f0f14b239f4f63df27998b,BetRivers,Seattle Seahawks,Denver Broncos,h2h,2026-10-16 00:15:00,not a Week 5 game on the schedule
855f58fad5f0f14b239f4f63df27998b,BetRivers,Seattle Seahawks,Denver Broncos,h2h,2026-10-16 00:15:00,not a Week 5 game on the schedule
855f58fad5f0f14b239f4f63df27998b,BetRivers,Seattle Seahawks,Denver Broncos,spreads,2026-10-16 00:15:00,not a Week 5 game on the schedule
855f58fad5f0f14b239f4f63df27998b,BetRivers,Seattle Seahawks,Denver Broncos,spreads,2026-10-16 00:15:00,not a Week 5 game on the schedule
855f58fad5f0f14b239f4f63df27998b,BetRivers,Seattle Seahawks,Denver Broncos,totals,2026-10-16 00:15:00,not a Week 5 game on the schedule
855f58fad5f0f14b239f4f63df27998b,BetRivers,Seattle Seahawks,Denver Broncos,totals,2026-10-16 00:15:00,not a Week 5 game on the schedule
855f58fad5f0f14b239f4f63df27998b,betPARX,Seattle Seahawks,Denver Broncos,h2h,2026-10-16 00:15:00,not a Week 5 game on the schedule
855f58fad5f0f14b239f4f63df27998b,betPARX,Seattle Seahawks,Denver Broncos,h2h,2026-10-16 00:15:00,not a Week 5 game on the schedule
855f58fad5f0f14b239f4f63df27998b,betPARX,Seattle Seahawks,Denver Broncos,spreads,2026-10-16 00:15:00,not a Week 5 game on the schedule
855f58fad5f0f14b239f4f63df27998b,betPARX,Seattle Seahawks,Denver Broncos,spreads,2026-10-16 00:15:00,not a Week 5 game on the schedule
855f58fad5f0f14b239f4f63df27998b,betPARX,Seattle Seahawks,Denver Broncos,totals,2026-10-16 00:15:00,not a Week 5 game on the schedule
855f58fad5f0f14b239f4f63df27998b,betPARX,Seattle Seahawks,Denver Broncos,totals,2026-10-16 00:15:00,not a Week 5 game on the schedule
855f58fad5f0f14b239f4f63df27998b,MyBookie.ag,Seattle Seahawks,Denver Broncos,h2h,2026-10-16 00:15:00,not a Week 5 game on the schedule
855f58fad5f0f14b239f4f63df27998b,MyBookie.ag,Seattle Seahawks,Denver Broncos,h2h,2026-10-16 00:15:00,not a Week 5 game on the schedule
855f58fad5f0f14b239f4f63df27998b,MyBookie.ag,Seattle Seahawks,Denver Broncos,spreads,2026-10-16 00:15:00,not a Week 5 game on the schedule
855f58fad5f0f14b239f4f63df27998b,MyBookie.ag,Seattle Seahawks,Denver Broncos,spreads,2026-10-16 00:15:00,not a Week 5 game on the schedule
855f58fad5f0f14b239f4f63df27998b,MyBookie.ag,Seattle Seahawks,Denver Broncos,totals,2026-10-16 00:15:00,not a Week 5 game on the schedule
855f58fad5f0f14b239f4f63df27998b,MyBookie.ag,Seattle Seahawks,Denver Broncos,totals,2026-10-16 00:15:00,not a Week 5 game on the schedule
57418b2cf5aca558b3c98eafac1e264a,DraftKings,Houston Texans,Jacksonville Jaguars,h2h,2026-10-18 13:30:00,not a Week 5 game on the schedule
57418b2cf5aca558b3c98eafac1e264a,DraftKings,Houston Texans,Jacksonville Jaguars,h2h,2026-10-18 13:30:00,not a Week 5 game on the schedule
57418b2cf5aca558b3c98eafac1e264a,DraftKings,Houston Texans,Jacksonville Jaguars,spreads,2026-10-18 13:30:00,not a Week 5 game on the schedule
57418b2cf5aca558b3c98eafac1e264a,DraftKings,Houston Texans,Jacksonville Jaguars,spreads,2026-10-18 13:30:00,not a Week 5 game on the schedule
57418b2cf5aca558b3c98eafac1e264a,DraftKings,Houston Texans,Jacksonville Jaguars,totals,2026-10-18 13:30:00,not a Week 5 game on the schedule
57418b2cf5aca558b3c98eafac1e264a,DraftKings,Houston Texans,Jacksonville Jaguars,totals,2026-10-18 13:30:00,not a Week 5 game on the schedule
57418b2cf5aca558b3c98eafac1e264a,FanDuel,Houston Texans,Jacksonville Jaguars,h2h,2026-10-18 13:30:00,not a Week 5 game on the schedule
57418b2cf5aca558b3c98eafac1e264a,FanDuel,Houston Texans,Jacksonville Jaguars,h2h,2026-10-18 13:30:00,not a Week 5 game on the schedule
57418b2cf5aca558b3c98eafac1e264a,FanDuel,Houston Texans,Jacksonville Jaguars,spreads,2026-10-18 13:30:00,not a Week 5 game on the schedule
57418b2cf5aca558b3c98eafac1e264a,FanDuel,Houston Texans,Jacksonville Jaguars,spreads,2026-10-18 13:30:00,not a Week 5 game on the schedule
57418b2cf5aca558b3c98eafac1e264a,FanDuel,Houston Texans,Jacksonville Jaguars,totals,2026-10-18 13:30:00,not a Week 5 game on the schedule
57418b2cf5aca558b3c98eafac1e264a,FanDuel,Houston Texans,Jacksonville Jaguars,totals,2026-10-18 13:30:00,not a Week 5 game on the schedule
57418b2cf5aca558b3c98eafac1e264a,BetUS,Houston Texans,Jacksonville Jaguars,spreads,2026-10-18 13:30:00,not a Week 5 game on the schedule
57418b2cf5aca558b3c98eafac1e264a,BetUS,Houston Texans,Jacksonville Jaguars,spreads,2026-10-18 13:30:00,not a Week 5 game on the schedule
57418b2cf5aca558b3c98eafac1e264a,BetUS,Houston Texans,Jacksonville Jaguars,totals,2026-10-18 13:30:00,not a Week 5 game on the schedule
57418b2cf5aca558b3c98eafac1e264a,BetUS,Houston Texans,Jacksonville Jaguars,totals,2026-10-18 13:30:00,not a Week 5 game on the schedule
57418b2cf5aca558b3c98eafac1e264a,MyBookie.ag,Houston Texans,Jacksonville Jaguars,h2h,2026-10-18 13:30:00,not a Week 5 game on the schedule
57418b2cf5aca558b3c98eafac1e264a,MyBookie.ag,Houston Texans,Jacksonville Jaguars,h2h,2026-10-18 13:30:00,not a Week 5 game on the schedule
57418b2cf5aca558b3c98eafac1e264a,MyBookie.ag,Houston Texans,Jacksonville Jaguars,spreads,2026-10-18 13:30:00,not a Week 5 game on the schedule
57418b2cf5aca558b3c98eafac1e264a,MyBookie.ag,Houston Texans,Jacksonville Jaguars,spreads,2026-10-18 13:30:00,not a Week 5 game on the schedule
57418b2cf5aca558b3c98eafac1e264a,MyBookie.ag,Houston Texans,Jacksonville Jaguars,totals,2026-10-18 13:30:00,not a Week 5 game on the schedule
57418b2cf5aca558b3c98eafac1e264a,MyBookie.ag,Houston Texans,Jacksonville Jaguars,totals,2026-10-18 13:30:00,not a Week 5 game on the schedule
57418b2cf5aca558b3c98eafac1e264a,LowVig.ag,Houston Texans,Jacksonville Jaguars,spreads,2026-10-18 13:30:00,not a Week 5 game on the schedule
57418b2cf5aca558b3c98eafac1e264a,LowVig.ag,Houston Texans,Jacksonville Jaguars,spreads,2026-10-18 13:30:00,not a Week 5 game on the schedule
57418b2cf5aca558b3c98eafac1e264a,LowVig.ag,Houston Texans,Jacksonville Jaguars,totals,2026-10-18 13:30:00,not a Week 5 game on the schedule
57418b2cf5aca558b3c98eafac1e264a,LowVig.ag,Houston Texans,Jacksonville Jaguars,totals,2026-10-18 13:30:00,not a Week 5 game on the schedule
57418b2cf5aca558b3c98eafac1e264a,BetOnline.ag,Houston Texans,Jacksonville Jaguars,spreads,2026-10-18 13:30:00,not a Week 5 game on the schedule
57418b2cf5aca558b3c98eafac1e264a,BetOnline.ag,Houston Texans,Jacksonville Jaguars,spreads,2026-10-18 13:30:00,not a Week 5 game on the schedule
57418b2cf5aca558b3c98eafac1e264a,BetOnline.ag,Houston Texans,Jacksonville Jaguars,totals,2026-10-18 13:30:00,not a Week 5 game on the schedule
57418b2cf5aca558b3c98eafac1e264a,BetOnline.ag,Houston Texans,Jacksonville Jaguars,totals,2026-10-18 13:30:00,not a Week 5 game on the schedule
57418b2cf5aca558b3c98eafac1e264a,BetRivers,Houston Texans,Jacksonville Jaguars,h2h,2026-10-18 13:30:00,not a Week 5 game on the schedule
57418b2cf5aca558b3c98eafac1e264a,BetRivers,Houston Texans,Jacksonville Jaguars,h2h,2026-10-18 13:30:00,not a Week 5 game on the schedule
57418b2cf5aca558b3c98eafac1e264a,BetRivers,Houston Texans,Jacksonville Jaguars,spreads,2026-10-18 13:30:00,not a Week 5 game on the schedule
57418b2cf5aca558b3c98eafac1e264a,BetRivers,Houston Texans,Jacksonville Jaguars,spreads,2026-10-18 13:30:00,not a Week 5 game on the schedule
57418b2cf5aca558b3c98eafac1e264a,BetRivers,Houston Texans,Jacksonville Jaguars,totals,2026-10-18 13:30:00,not a Week 5 game on the schedule
57418b2cf5aca558b3c98eafac1e264a,BetRivers,Houston Texans,Jacksonville Jaguars,totals,2026-10-18 13:30:00,not a Week 5 game on the schedule
57418b2cf5aca558b3c98eafac1e264a,betPARX,Houston Texans,Jacksonville Jaguars,h2h,2026-10-18 13:30:00,not a Week 5 game on the schedule
57418b2cf5aca558b3c98eafac1e264a,betPARX,Houston Texans,Jacksonville Jaguars,h2h,2026-10-18 13:30:00,not a Week 5 game on the schedule
57418b2cf5aca558b3c98eafac1e264a,betPARX,Houston Texans,Jacksonville Jaguars,spreads,2026-10-18 13:30:00,not a Week 5 game on the schedule
57418b2cf5aca558b3c98eafac1e264a,betPARX,Houston Texans,Jacksonville Jaguars,spreads,2026-10-18 13:30:00,not a Week 5 game on the schedule
57418b2cf5aca558b3c98eafac1e264a,betPARX,Houston Texans,Jacksonville Jaguars,totals,2026-10-18 13:30:00,not a Week 5 game on the schedule
57418b2cf5aca558b3c98eafac1e264a,betPARX,Houston Texans,Jacksonville Jaguars,totals,2026-10-18 13:30:00,not a Week 5 game on the schedule
57418b2cf5aca558b3c98eafac1e264a,Bally Bet,Houston Texans,Jacksonville Jaguars,h2h,2026-10-18 13:30:00,not a Week 5 game on the schedule
57418b2cf5aca558b3c98eafac1e264a,Bally Bet,Houston Texans,Jacksonville Jaguars,h2h,2026-10-18 13:30:00,not a Week 5 game on the schedule
57418b2cf5aca558b3c98eafac1e264a,Bally Bet,Houston Texans,Jacksonville Jaguars,spreads,2026-10-18 13:30:00,not a Week 5 game on the schedule
57418b2cf5aca558b3c98eafac1e264a,Bally Bet,Houston Texans,Jacksonville Jaguars,spreads,2026-10-18 13:30:00,not a Week 5 game on the schedule
57418b2cf5aca558b3c98eafac1e264a,Bally Bet,Houston Texans,Jacksonville Jaguars,totals,2026-10-18 13:30:00,not a Week 5 game on the schedule
57418b2cf5aca558b3c98eafac1e264a,Bally Bet,Houston Texans,Jacksonville Jaguars,totals,2026-10-18 13:30:00,not a Week 5 game on the schedule
7c312fdf24fb35f58b0e07c2932cc997,DraftKings,Chicago Bears,Atlanta Falcons,h2h,2026-10-18 17:00:00,not a Week 5 game on the schedule
7c312fdf24fb35f58b0e07c2932cc997,DraftKings,Chicago Bears,Atlanta Falcons,h2h,2026-10-18 17:00:00,not a Week 5 game on the schedule
7c312fdf24fb35f58b0e07c2932cc997,DraftKings,Chicago Bears,Atlanta Falcons,spreads,2026-10-18 17:00:00,not a Week 5 game on the schedule
7c312fdf24fb35f58b0e07c2932cc997,DraftKings,Chicago Bears,Atlanta Falcons,spreads,2026-10-18 17:00:00,not a Week 5 game on the schedule
7c312fdf24fb35f58b0e07c2932cc997,DraftKings,Chicago Bears,Atlanta Falcons,totals,2026-10-18 17:00:00,not a Week 5 game on the schedule
7c312fdf24fb35f58b0e07c2932cc997,DraftKings,Chicago Bears,Atlanta Falcons,totals,2026-10-18 17:00:00,not a Week 5 game on the schedule
7c312fdf24fb35f58b0e07c2932cc997,FanDuel,Chicago Bears,Atlanta Falcons,h2h,2026-10-18 17:00:00,not a Week 5 game on the schedule
7c312fdf24fb35f58b0e07c2932cc997,FanDuel,Chicago Bears,Atlanta Falcons,h2h,2026-10-18 17:00:00,not a Week 5 game on the schedule
7c312fdf24fb35f58b0e07c2932cc997,FanDuel,Chicago Bears,Atlanta Falcons,spreads,2026-10-18 17:00:00,not a Week 5 game on the schedule
7c312fdf24fb35f58b0e07c2932cc997,FanDuel,Chicago Bears,Atlanta Falcons,spreads,2026-10-18 17:00:00,not a Week 5 game on the schedule
7c312fdf24fb35f58b0e07c2932cc997,FanDuel,Chicago Bears,Atlanta Falcons,totals,2026-10-18 17:00:00,not a Week 5 game on the schedule
7c312fdf24fb35f58b0e07c2932cc997,FanDuel,Chicago Bears,Atlanta Falcons,totals,2026-10-18 17:00:00,not a Week 5 game on the schedule
7c312fdf24fb35f58b0e07c2932cc997,BetOnline.ag,Chicago Bears,Atlanta Falcons,spreads,2026-10-18 17:00:00,not a Week 5 game on the schedule
7c312fdf24fb35f58b0e07c2932cc997,BetOnline.ag,Chicago Bears,Atlanta Falcons,spreads,2026-10-18 17:00:00,not a Week 5 game on the schedule
7c312fdf24fb35f58b0e07c2932cc997,BetOnline.ag,Chicago Bears,Atlanta Falcons,totals,2026-10-18 17:00:00,not a Week 5 game on the schedule
7c312fdf24fb35f58b0e07c2932cc997,BetOnline.ag,Chicago Bears,Atlanta Falcons,totals,2026-10-18 17:00:00,not a Week 5 game on the schedule
7c312fdf24fb35f58b0e07c2932cc997,LowVig.ag,Chicago Bears,Atlanta Falcons,spreads,2026-10-18 17:00:00,not a Week 5 game on the schedule
7c312fdf24fb35f58b0e07c2932cc997,LowVig.ag,Chicago Bears,Atlanta Falcons,spreads,2026-10-18 17:00:00,not a Week 5 game on the schedule
7c312fdf24fb35f58b0e07c2932cc997,LowVig.ag,Chicago Bears,Atlanta Falcons,totals,2026-10-18 17:00:00,not a Week 5 game on the schedule
7c312fdf24fb35f58b0e07c2932cc997,LowVig.ag,Chicago Bears,Atlanta Falcons,totals,2026-10-18 17:00:00,not a Week 5 game on the schedule
7c312fdf24fb35f58b0e07c2932cc997,BetUS,Chicago Bears,Atlanta Falcons,spreads,2026-10-18 17:00:00,not a Week 5 game on the schedule
7c312fdf24fb35f58b0e07c2932cc997,BetUS,Chicago Bears,Atlanta Falcons,spreads,2026-10-18 17:00:00,not a Week 5 game on the schedule
7c312fdf24fb35f58b0e07c2932cc997,BetUS,Chicago Bears,Atlanta Falcons,totals,2026-10-18 17:00:00,not a Week 5 game on the schedule
7c312fdf24fb35f58b0e07c2932cc997,BetUS,Chicago Bears,Atlanta Falcons,totals,2026-10-18 17:00:00,not a Week 5 game on the schedule
7c312fdf24fb35f58b0e07c2932cc997,Bally Bet,Chicago Bears,Atlanta Falcons,h2h,2026-10-18 17:00:00,not a Week 5 game on the schedule
7c312fdf24fb35f58b0e07c2932cc997,Bally Bet,Chicago Bears,Atlanta Falcons,h2h,2026-10-18 17:00:00,not a Week 5 game on the schedule
7c312fdf24fb35f58b0e07c2932cc997,Bally Bet,Chicago Bears,Atlanta Falcons,spreads,2026-10-18 17:00:00,not a Week 5 game on the schedule
7c312fdf24fb35f58b0e07c2932cc997,Bally Bet,Chicago Bears,Atlanta Falcons,spreads,2026-10-18 17:00:00,not a Week 5 game on the schedule
7c312fdf24fb35f58b0e07c2932cc997,Bally Bet,Chicago Bears,Atlanta Falcons,totals,2026-10-18 17:00:00,not a Week 5 game on the schedule
7c312fdf24fb35f58b0e07c2932cc997,Bally Bet,Chicago Bears,Atlanta Falcons,totals,2026-10-18 17:00:00,not a Week 5 game on the schedule
7c312fdf24fb35f58b0e07c2932cc997,BetRivers,Chicago Bears,Atlanta Falcons,h2h,2026-10-18 17:00:00,not a Week 5 game on the schedule
7c312fdf24fb35f58b0e07c2932cc997,BetRivers,Chicago Bears,Atlanta Falcons,h2h,2026-10-18 17:00:00,not a Week 5 game on the schedule
7c312fdf24fb35f58b0e07c2932cc997,BetRivers,Chicago Bears,Atlanta Falcons,spreads,2026-10-18 17:00:00,not a Week 5 game on the schedule
7c312fdf24fb35f58b0e07c2932cc997,BetRivers,Chicago Bears,Atlanta Falcons,spreads,2026-10-18 17:00:00,not a Week 5 game on the schedule
7c312fdf24fb35f58b0e07c2932cc997,BetRivers,Chicago Bears,Atlanta Falcons,totals,2026-10-18 17:00:00,not a Week 5 game on the schedule
7c312fdf24fb35f58b0e07c2932cc997,BetRivers,Chicago Bears,Atlanta Falcons,totals,2026-10-18 17:00:00,not a Week 5 game on the schedule
7c312fdf24fb35f58b0e07c2932cc997,betPARX,Chicago Bears,Atlanta Falcons,h2h,2026-10-18 17:00:00,not a Week 5 game on the schedule
7c312fdf24fb35f58b0e07c2932cc997,betPARX,Chicago Bears,Atlanta Falcons,h2h,2026-10-18 17:00:00,not a Week 5 game on the schedule
7c312fdf24fb35f58b0e07c2932cc997,betPARX,Chicago Bears,Atlanta Falcons,spreads,2026-10-18 17:00:00,not a Week 5 game on the schedule
7c312fdf24fb35f58b0e07c2932cc997,betPARX,Chicago Bears,Atlanta Falcons,spreads,2026-10-18 17:00:00,not a Week 5 game on the schedule
7c312fdf24fb35f58b0e07c2932cc997,betPARX,Chicago Bears,Atlanta Falcons,totals,2026-10-18 17:00:00,not a Week 5 game on the schedule
7c312fdf24fb35f58b0e07c2932cc997,betPARX,Chicago Bears,Atlanta Falcons,totals,2026-10-18 17:00:00,not a Week 5 game on the schedule
7c312fdf24fb35f58b0e07c2932cc997,MyBookie.ag,Chicago Bears,Atlanta Falcons,h2h,2026-10-18 17:00:00,not a Week 5 game on the schedule
7c312fdf24fb35f58b0e07c2932cc997,MyBookie.ag,Chicago Bears,Atlanta Falcons,h2h,2026-10-18 17:00:00,not a Week 5 game on the schedule
7c312fdf24fb35f58b0e07c2932cc997,MyBookie.ag,Chicago Bears,Atlanta Falcons,spreads,2026-10-18 17:00:00,not a Week 5 game on the schedule
7c312fdf24fb35f58b0e07c2932cc997,MyBookie.ag,Chicago Bears,Atlanta Falcons,spreads,2026-10-18 17:00:00,not a Week 5 game on the schedule
7c312fdf24fb35f58b0e07c2932cc997,MyBookie.ag,Chicago Bears,Atlanta Falcons,totals,2026-10-18 17:00:00,not a Week 5 game on the schedule
7c312fdf24fb35f58b0e07c2932cc997,MyBookie.ag,Chicago Bears,Atlanta Falcons,totals,2026-10-18 17:00:00,not a Week 5 game on the schedule
e86227938fd3cf008fc5648fb5128344,DraftKings,Baltimore Ravens,Cleveland Browns,h2h,2026-10-18 17:00:00,not a Week 5 game on the schedule
e86227938fd3cf008fc5648fb5128344,DraftKings,Baltimore Ravens,Cleveland Browns,h2h,2026-10-18 17:00:00,not a Week 5 game on the schedule
e86227938fd3cf008fc5648fb5128344,DraftKings,Baltimore Ravens,Cleveland Browns,spreads,2026-10-18 17:00:00,not a Week 5 game on the schedule
e86227938fd3cf008fc5648fb5128344,DraftKings,Baltimore Ravens,Cleveland Browns,spreads,2026-10-18 17:00:00,not a Week 5 game on the schedule
e86227938fd3cf008fc5648fb5128344,DraftKings,Baltimore Ravens,Cleveland Browns,totals,2026-10-18 17:00:00,not a Week 5 game on the schedule
e86227938fd3cf008fc5648fb5128344,DraftKings,Baltimore Ravens,Cleveland Browns,totals,2026-10-18 17:00:00,not a Week 5 game on the schedule
e86227938fd3cf008fc5648fb5128344,BetUS,Baltimore Ravens,Cleveland Browns,spreads,2026-10-18 17:00:00,not a Week 5 game on the schedule
e86227938fd3cf008fc5648fb5128344,BetUS,Baltimore Ravens,Cleveland Browns,spreads,2026-10-18 17:00:00,not a Week 5 game on the schedule
e86227938fd3cf008fc5648fb5128344,BetUS,Baltimore Ravens,Cleveland Browns,totals,2026-10-18 17:00:00,not a Week 5 game on the schedule
e86227938fd3cf008fc5648fb5128344,BetUS,Baltimore Ravens,Cleveland Browns,totals,2026-10-18 17:00:00,not a Week 5 game on the schedule
e86227938fd3cf008fc5648fb5128344,FanDuel,Baltimore Ravens,Cleveland Browns,h2h,2026-10-18 17:00:00,not a Week 5 game on the schedule
e86227938fd3cf008fc5648fb5128344,FanDuel,Baltimore Ravens,Cleveland Browns,h2h,2026-10-18 17:00:00,not a Week 5 game on the schedule
e86227938fd3cf008fc5648fb5128344,FanDuel,Baltimore Ravens,Cleveland Browns,spreads,2026-10-18 17:00:00,not a Week 5 game on the schedule
e86227938fd3cf008fc5648fb5128344,FanDuel,Baltimore Ravens,Cleveland Browns,spreads,2026-10-18 17:00:00,not a Week 5 game on the schedule
e86227938fd3cf008fc5648fb5128344,FanDuel,Baltimore Ravens,Cleveland Browns,totals,2026-10-18 17:00:00,not a Week 5 game on the schedule
e86227938fd3cf008fc5648fb5128344,FanDuel,Baltimore Ravens,Cleveland Browns,totals,2026-10-18 17:00:00,not a Week 5 game on the schedule
e86227938fd3cf008fc5648fb5128344,LowVig.ag,Baltimore Ravens,Cleveland Browns,spreads,2026-10-18 17:00:00,not a Week 5 game on the schedule
e86227938fd3cf008fc5648fb5128344,LowVig.ag,Baltimore Ravens,Cleveland Browns,spreads,2026-10-18 17:00:00,not a Week 5 game on the schedule
e86227938fd3cf008fc5648fb5128344,LowVig.ag,Baltimore Ravens,Cleveland Browns,totals,2026-10-18 17:00:00,not a Week 5 game on the schedule
e86227938fd3cf008fc5648fb5128344,LowVig.ag,Baltimore Ravens,Cleveland Browns,totals,2026-10-18 17:00:00,not a Week 5 game on the schedule
e86227938fd3cf008fc5648fb5128344,BetOnline.ag,Baltimore Ravens,Cleveland Browns,spreads,2026-10-18 17:00:00,not a Week 5 game on the schedule
e86227938fd3cf008fc5648fb5128344,BetOnline.ag,Baltimore Ravens,Cleveland Browns,spreads,2026-10-18 17:00:00,not a Week 5 game on the schedule
e86227938fd3cf008fc5648fb5128344,BetOnline.ag,Baltimore Ravens,Cleveland Browns,totals,2026-10-18 17:00:00,not a Week 5 game on the schedule
e86227938fd3cf008fc5648fb5128344,BetOnline.ag,Baltimore Ravens,Cleveland Browns,totals,2026-10-18 17:00:00,not a Week 5 game on the schedule
e86227938fd3cf008fc5648fb5128344,BetRivers,Baltimore Ravens,Cleveland Browns,h2h,2026-10-18 17:00:00,not a Week 5 game on the schedule
e86227938fd3cf008fc5648fb5128344,BetRivers,Baltimore Ravens,Cleveland Browns,h2h,2026-10-18 17:00:00,not a Week 5 game on the schedule
e86227938fd3cf008fc5648fb5128344,BetRivers,Baltimore Ravens,Cleveland Browns,spreads,2026-10-18 17:00:00,not a Week 5 game on the schedule
e86227938fd3cf008fc5648fb5128344,BetRivers,Baltimore Ravens,Cleveland Browns,spreads,2026-10-18 17:00:00,not a Week 5 game on the schedule
e86227938fd3cf008fc5648fb5128344,BetRivers,Baltimore Ravens,Cleveland Browns,totals,2026-10-18 17:00:00,not a Week 5 game on the schedule
e86227938fd3cf008fc5648fb5128344,BetRivers,Baltimore Ravens,Cleveland Browns,totals,2026-10-18 17:00:00,not a Week 5 game on the schedule
e86227938fd3cf008fc5648fb5128344,betPARX,Baltimore Ravens,Cleveland Browns,h2h,2026-10-18 17:00:00,not a Week 5 game on the schedule
e86227938fd3cf008fc5648fb5128344,betPARX,Baltimore Ravens,Cleveland Browns,h2h,2026-10-18 17:00:00,not a Week 5 game on the schedule
e86227938fd3cf008fc5648fb5128344,betPARX,Baltimore Ravens,Cleveland Browns,spreads,2026-10-18 17:00:00,not a Week 5 game on the schedule
e86227938fd3cf008fc5648fb5128344,betPARX,Baltimore Ravens,Cleveland Browns,spreads,2026-10-18 17:00:00,not a Week 5 game on the schedule
e86227938fd3cf008fc5648fb5128344,betPARX,Baltimore Ravens,Cleveland Browns,totals,2026-10-18 17:00:00,not a Week 5 game on the schedule
e86227938fd3cf008fc5648fb5128344,betPARX,Baltimore Ravens,Cleveland Browns,totals,2026-10-18 17:00:00,not a Week 5 game on the schedule
e86227938fd3cf008fc5648fb5128344,Bally Bet,Baltimore Ravens,Cleveland Browns,h2h,2026-10-18 17:00:00,not a Week 5 game on the schedule
e86227938fd3cf008fc5648fb5128344,Bally Bet,Baltimore Ravens,Cleveland Browns,h2h,2026-10-18 17:00:00,not a Week 5 game on the schedule
e86227938fd3cf008fc5648fb5128344,Bally Bet,Baltimore Ravens,Cleveland Browns,spreads,2026-10-18 17:00:00,not a Week 5 game on the schedule
e86227938fd3cf008fc5648fb5128344,Bally Bet,Baltimore Ravens,Cleveland Browns,spreads,2026-10-18 17:00:00,not a Week 5 game on the schedule
e86227938fd3cf008fc5648fb5128344,Bally Bet,Baltimore Ravens,Cleveland Browns,totals,2026-10-18 17:00:00,not a Week 5 game on the schedule
e86227938fd3cf008fc5648fb5128344,Bally Bet,Baltimore Ravens,Cleveland Browns,totals,2026-10-18 17:00:00,not a Week 5 game on the schedule
e86227938fd3cf008fc5648fb5128344,MyBookie.ag,Baltimore Ravens,Cleveland Browns,h2h,2026-10-18 17:00:00,not a Week 5 game on the schedule
e86227938fd3cf008fc5648fb5128344,MyBookie.ag,Baltimore Ravens,Cleveland Browns,h2h,2026-10-18 17:00:00,not a Week 5 game on the schedule
e86227938fd3cf008fc5648fb5128344,MyBookie.ag,Baltimore Ravens,Cleveland Browns,spreads,2026-10-18 17:00:00,not a Week 5 game on the schedule
e86227938fd3cf008fc5648fb5128344,MyBookie.ag,Baltimore Ravens,Cleveland Browns,spreads,2026-10-18 17:00:00,not a Week 5 game on the schedule
e86227938fd3cf008fc5648fb5128344,MyBookie.ag,Baltimore Ravens,Cleveland Browns,totals,2026-10-18 17:00:00,not a Week 5 game on the schedule
e86227938fd3cf008fc5648fb5128344,MyBookie.ag,Baltimore Ravens,Cleveland Browns,totals,2026-10-18 17:00:00,not a Week 5 game on the schedule
caca2d752fe1a1779029082e95332fcc,DraftKings,Carolina Panthers,Philadelphia Eagles,h2h,2026-10-18 17:00:00,not a Week 5 game on the schedule
caca2d752fe1a1779029082e95332fcc,DraftKings,Carolina Panthers,Philadelphia Eagles,h2h,2026-10-18 17:00:00,not a Week 5 game on the schedule
caca2d752fe1a1779029082e95332fcc,DraftKings,Carolina Panthers,Philadelphia Eagles,spreads,2026-10-18 17:00:00,not a Week 5 game on the schedule
caca2d752fe1a1779029082e95332fcc,DraftKings,Carolina Panthers,Philadelphia Eagles,spreads,2026-10-18 17:00:00,not a Week 5 game on the schedule
caca2d752fe1a1779029082e95332fcc,DraftKings,Carolina Panthers,Philadelphia Eagles,totals,2026-10-18 17:00:00,not a Week 5 game on the schedule
caca2d752fe1a1779029082e95332fcc,DraftKings,Carolina Panthers,Philadelphia Eagles,totals,2026-10-18 17:00:00,not a Week 5 game on the schedule
caca2d752fe1a1779029082e95332fcc,BetUS,Carolina Panthers,Philadelphia Eagles,spreads,2026-10-18 17:00:00,not a Week 5 game on the schedule
caca2d752fe1a1779029082e95332fcc,BetUS,Carolina Panthers,Philadelphia Eagles,spreads,2026-10-18 17:00:00,not a Week 5 game on the schedule
caca2d752fe1a1779029082e95332fcc,BetUS,Carolina Panthers,Philadelphia Eagles,totals,2026-10-18 17:00:00,not a Week 5 game on the schedule
caca2d752fe1a1779029082e95332fcc,BetUS,Carolina Panthers,Philadelphia Eagles,totals,2026-10-18 17:00:00,not a Week 5 game on the schedule
caca2d752fe1a1779029082e95332fcc,FanDuel,Carolina Panthers,Philadelphia Eagles,h2h,2026-10-18 17:00:00,not a Week 5 game on the schedule
caca2d752fe1a1779029082e95332fcc,FanDuel,Carolina Panthers,Philadelphia Eagles,h2h,2026-10-18 17:00:00,not a Week 5 game on the schedule
caca2d752fe1a1779029082e95332fcc,FanDuel,Carolina Panthers,Philadelphia Eagles,spreads,2026-10-18 17:00:00,not a Week 5 game on the schedule
caca2d752fe1a1779029082e95332fcc,FanDuel,Carolina Panthers,Philadelphia Eagles,spreads,2026-10-18 17:00:00,not a Week 5 game on the schedule
caca2d752fe1a1779029082e95332fcc,FanDuel,Carolina Panthers,Philadelphia Eagles,totals,2026-10-18 17:00:00,not a Week 5 game on the schedule
caca2d752fe1a1779029082e95332fcc,FanDuel,Carolina Panthers,Philadelphia Eagles,totals,2026-10-18 17:00:00,not a Week 5 game on the schedule
caca2d752fe1a1779029082e95332fcc,LowVig.ag,Carolina Panthers,Philadelphia Eagles,spreads,2026-10-18 17:00:00,not a Week 5 game on the schedule
caca2d752fe1a1779029082e95332fcc,LowVig.ag,Carolina Panthers,Philadelphia Eagles,spreads,2026-10-18 17:00:00,not a Week 5 game on the schedule
caca2d752fe1a1779029082e95332fcc,LowVig.ag,Carolina Panthers,Philadelphia Eagles,totals,2026-10-18 17:00:00,not a Week 5 game on the schedule
caca2d752fe1a1779029082e95332fcc,LowVig.ag,Carolina Panthers,Philadelphia Eagles,totals,2026-10-18 17:00:00,not a Week 5 game on the schedule
caca2d752fe1a1779029082e95332fcc,BetOnline.ag,Carolina Panthers,Philadelphia Eagles,spreads,2026-10-18 17:00:00,not a Week 5 game on the schedule
caca2d752fe1a1779029082e95332fcc,BetOnline.ag,Carolina Panthers,Philadelphia Eagles,spreads,2026-10-18 17:00:00,not a Week 5 game on the schedule
caca2d752fe1a1779029082e95332fcc,BetOnline.ag,Carolina Panthers,Philadelphia Eagles,totals,2026-10-18 17:00:00,not a Week 5 game on the schedule
caca2d752fe1a1779029082e95332fcc,BetOnline.ag,Carolina Panthers,Philadelphia Eagles,totals,2026-10-18 17:00:00,not a Week 5 game on the schedule
caca2d752fe1a1779029082e95332fcc,BetRivers,Carolina Panthers,Philadelphia Eagles,h2h,2026-10-18 17:00:00,not a Week 5 game on the schedule
caca2d752fe1a1779029082e95332fcc,BetRivers,Carolina Panthers,Philadelphia Eagles,h2h,2026-10-18 17:00:00,not a Week 5 game on the schedule
caca2d752fe1a1779029082e95332fcc,BetRivers,Carolina Panthers,Philadelphia Eagles,spreads,2026-10-18 17:00:00,not a Week 5 game on the schedule
caca2d752fe1a1779029082e95332fcc,BetRivers,Carolina Panthers,Philadelphia Eagles,spreads,2026-10-18 17:00:00,not a Week 5 game on the schedule
caca2d752fe1a1779029082e95332fcc,BetRivers,Carolina Panthers,Philadelphia Eagles,totals,2026-10-18 17:00:00,not a Week 5 game on the schedule
caca2d752fe1a1779029082e95332fcc,BetRivers,Carolina Panthers,Philadelphia Eagles,totals,2026-10-18 17:00:00,not a Week 5 game on the schedule
caca2d752fe1a1779029082e95332fcc,Bally Bet,Carolina Panthers,Philadelphia Eagles,h2h,2026-10-18 17:00:00,not a Week 5 game on the schedule
caca2d752fe1a1779029082e95332fcc,Bally Bet,Carolina Panthers,Philadelphia Eagles,h2h,2026-10-18 17:00:00,not a Week 5 game on the schedule
caca2d752fe1a1779029082e95332fcc,Bally Bet,Carolina Panthers,Philadelphia Eagles,spreads,2026-10-18 17:00:00,not a Week 5 game on the schedule
caca2d752fe1a1779029082e95332fcc,Bally Bet,Carolina Panthers,Philadelphia Eagles,spreads,2026-10-18 17:00:00,not a Week 5 game on the schedule
caca2d752fe1a1779029082e95332fcc,Bally Bet,Carolina Panthers,Philadelphia Eagles,totals,2026-10-18 17:00:00,not a Week 5 game on the schedule
caca2d752fe1a1779029082e95332fcc,Bally Bet,Carolina Panthers,Philadelphia Eagles,totals,2026-10-18 17:00:00,not a Week 5 game on the schedule
caca2d752fe1a1779029082e95332fcc,betPARX,Carolina Panthers,Philadelphia Eagles,h2h,2026-10-18 17:00:00,not a Week 5 game on the schedule
caca2d752fe1a1779029082e95332fcc,betPARX,Carolina Panthers,Philadelphia Eagles,h2h,2026-10-18 17:00:00,not a Week 5 game on the schedule
caca2d752fe1a1779029082e95332fcc,betPARX,Carolina Panthers,Philadelphia Eagles,spreads,2026-10-18 17:00:00,not a Week 5 game on the schedule
caca2d752fe1a1779029082e95332fcc,betPARX,Carolina Panthers,Philadelphia Eagles,spreads,2026-10-18 17:00:00,not a Week 5 game on the schedule
caca2d752fe1a1779029082e95332fcc,betPARX,Carolina Panthers,Philadelphia Eagles,totals,2026-10-18 17:00:00,not a Week 5 game on the schedule
caca2d752fe1a1779029082e95332fcc,betPARX,Carolina Panthers,Philadelphia Eagles,totals,2026-10-18 17:00:00,not a Week 5 game on the schedule
caca2d752fe1a1779029082e95332fcc,MyBookie.ag,Carolina Panthers,Philadelphia Eagles,h2h,2026-10-18 17:00:00,not a Week 5 game on the schedule
caca2d752fe1a1779029082e95332fcc,MyBookie.ag,Carolina Panthers,Philadelphia Eagles,h2h,2026-10-18 17:00:00,not a Week 5 game on the schedule
caca2d752fe1a1779029082e95332fcc,MyBookie.ag,Carolina Panthers,Philadelphia Eagles,spreads,2026-10-18 17:00:00,not a Week 5 game on the schedule
caca2d752fe1a1779029082e95332fcc,MyBookie.ag,Carolina Panthers,Philadelphia Eagles,spreads,2026-10-18 17:00:00,not a Week 5 game on the schedule
caca2d752fe1a1779029082e95332fcc,MyBookie.ag,Carolina Panthers,Philadelphia Eagles,totals,2026-10-18 17:00:00,not a Week 5 game on the schedule
caca2d752fe1a1779029082e95332fcc,MyBookie.ag,Carolina Panthers,Philadelphia Eagles,totals,2026-10-18 17:00:00,not a Week 5 game on the schedule
84aa9e190e625d7e9cd67e1f157a45b4,DraftKings,Tennessee Titans,Indianapolis Colts,h2h,2026-10-18 17:00:00,not a Week 5 game on the schedule
84aa9e190e625d7e9cd67e1f157a45b4,DraftKings,Tennessee Titans,Indianapolis Colts,h2h,2026-10-18 17:00:00,not a Week 5 game on the schedule
84aa9e190e625d7e9cd67e1f157a45b4,DraftKings,Tennessee Titans,Indianapolis Colts,spreads,2026-10-18 17:00:00,not a Week 5 game on the schedule
84aa9e190e625d7e9cd67e1f157a45b4,DraftKings,Tennessee Titans,Indianapolis Colts,spreads,2026-10-18 17:00:00,not a Week 5 game on the schedule
84aa9e190e625d7e9cd67e1f157a45b4,DraftKings,Tennessee Titans,Indianapolis Colts,totals,2026-10-18 17:00:00,not a Week 5 game on the schedule
84aa9e190e625d7e9cd67e1f157a45b4,DraftKings,Tennessee Titans,Indianapolis Colts,totals,2026-10-18 17:00:00,not a Week 5 game on the schedule
84aa9e190e625d7e9cd67e1f157a45b4,BetUS,Tennessee Titans,Indianapolis Colts,spreads,2026-10-18 17:00:00,not a Week 5 game on the schedule
84aa9e190e625d7e9cd67e1f157a45b4,BetUS,Tennessee Titans,Indianapolis Colts,spreads,2026-10-18 17:00:00,not a Week 5 game on the schedule
84aa9e190e625d7e9cd67e1f157a45b4,BetUS,Tennessee Titans,Indianapolis Colts,totals,2026-10-18 17:00:00,not a Week 5 game on the schedule
84aa9e190e625d7e9cd67e1f157a45b4,BetUS,Tennessee Titans,Indianapolis Colts,totals,2026-10-18 17:00:00,not a Week 5 game on the schedule
84aa9e190e625d7e9cd67e1f157a45b4,FanDuel,Tennessee Titans,Indianapolis Colts,h2h,2026-10-18 17:00:00,not a Week 5 game on the schedule
84aa9e190e625d7e9cd67e1f157a45b4,FanDuel,Tennessee Titans,Indianapolis Colts,h2h,2026-10-18 17:00:00,not a Week 5 game on the schedule
84aa9e190e625d7e9cd67e1f157a45b4,FanDuel,Tennessee Titans,Indianapolis Colts,spreads,2026-10-18 17:00:00,not a Week 5 game on the schedule
84aa9e190e625d7e9cd67e1f157a45b4,FanDuel,Tennessee Titans,Indianapolis Colts,spreads,2026-10-18 17:00:00,not a Week 5 game on the schedule
84aa9e190e625d7e9cd67e1f157a45b4,FanDuel,Tennessee Titans,Indianapolis Colts,totals,2026-10-18 17:00:00,not a Week 5 game on the schedule
84aa9e190e625d7e9cd67e1f157a45b4,FanDuel,Tennessee Titans,Indianapolis Colts,totals,2026-10-18 17:00:00,not a Week 5 game on the schedule
84aa9e190e625d7e9cd67e1f157a45b4,BetOnline.ag,Tennessee Titans,Indianapolis Colts,spreads,2026-10-18 17:00:00,not a Week 5 game on the schedule
84aa9e190e625d7e9cd67e1f157a45b4,BetOnline.ag,Tennessee Titans,Indianapolis Colts,spreads,2026-10-18 17:00:00,not a Week 5 game on the schedule
84aa9e190e625d7e9cd67e1f157a45b4,BetOnline.ag,Tennessee Titans,Indianapolis Colts,totals,2026-10-18 17:00:00,not a Week 5 game on the schedule
84aa9e190e625d7e9cd67e1f157a45b4,BetOnline.ag,Tennessee Titans,Indianapolis Colts,totals,2026-10-18 17:00:00,not a Week 5 game on the schedule
84aa9e190e625d7e9cd67e1f157a45b4,LowVig.ag,Tennessee Titans,Indianapolis Colts,spreads,2026-10-18 17:00:00,not a Week 5 game on the schedule
84aa9e190e625d7e9cd67e1f157a45b4,LowVig.ag,Tennessee Titans,Indianapolis Colts,spreads,2026-10-18 17:00:00,not a Week 5 game on the schedule
84aa9e190e625d7e9cd67e1f157a45b4,LowVig.ag,Tennessee Titans,Indianapolis Colts,totals,2026-10-18 17:00:00,not a Week 5 game on the schedule
84aa9e190e625d7e9cd67e1f157a45b4,LowVig.ag,Tennessee Titans,Indianapolis Colts,totals,2026-10-18 17:00:00,not a Week 5 game on the schedule
84aa9e190e625d7e9cd67e1f157a45b4,betPARX,Tennessee Titans,Indianapolis Colts,h2h,2026-10-18 17:00:00,not a Week 5 game on the schedule
84aa9e190e625d7e9cd67e1f157a45b4,betPARX,Tennessee Titans,Indianapolis Colts,h2h,2026-10-18 17:00:00,not a Week 5 game on the schedule
84aa9e190e625d7e9cd67e1f157a45b4,betPARX,Tennessee Titans,Indianapolis Colts,spreads,2026-10-18 17:00:00,not a Week 5 game on the schedule
84aa9e190e625d7e9cd67e1f157a45b4,betPARX,Tennessee Titans,Indianapolis Colts,spreads,2026-10-18 17:00:00,not a Week 5 game on the schedule
84aa9e190e625d7e9cd67e1f157a45b4,betPARX,Tennessee Titans,Indianapolis Colts,totals,2026-10-18 17:00:00,not a Week 5 game on the schedule
84aa9e190e625d7e9cd67e1f157a45b4,betPARX,Tennessee Titans,Indianapolis Colts,totals,2026-10-18 17:00:00,not a Week 5 game on the schedule
84aa9e190e625d7e9cd67e1f157a45b4,BetRivers,Tennessee Titans,Indianapolis Colts,h2h,2026-10-18 17:00:00,not a Week 5 game on the schedule
84aa9e190e625d7e9cd67e1f157a45b4,BetRivers,Tennessee Titans,Indianapolis Colts,h2h,2026-10-18 17:00:00,not a Week 5 game on the schedule
84aa9e190e625d7e9cd67e1f157a45b4,BetRivers,Tennessee Titans,Indianapolis Colts,spreads,2026-10-18 17:00:00,not a Week 5 game on the schedule
84aa9e190e625d7e9cd67e1f157a45b4,BetRivers,Tennessee Titans,Indianapolis Colts,spreads,2026-10-18 17:00:00,not a Week 5 game on the schedule
84aa9e190e625d7e9cd67e1f157a45b4,BetRivers,Tennessee Titans,Indianapolis Colts,totals,2026-10-18 17:00:00,not a Week 5 game on the schedule
84aa9e190e625d7e9cd67e1f157a45b4,BetRivers,Tennessee Titans,Indianapolis Colts,totals,2026-10-18 17:00:00,not a Week 5 game on the schedule
84aa9e190e625d7e9cd67e1f157a45b4,Bally Bet,Tennessee Titans,Indianapolis Colts,h2h,2026-10-18 17:00:00,not a Week 5 game on the schedule
84aa9e190e625d7e9cd67e1f157a45b4,Bally Bet,Tennessee Titans,Indianapolis Colts,h2h,2026-10-18 17:00:00,not a Week 5 game on the schedule
84aa9e190e625d7e9cd67e1f157a45b4,Bally Bet,Tennessee Titans,Indianapolis Colts,spreads,2026-10-18 17:00:00,not a Week 5 game on the schedule
84aa9e190e625d7e9cd67e1f157a45b4,Bally Bet,Tennessee Titans,Indianapolis Colts,spreads,2026-10-18 17:00:00,not a Week 5 game on the schedule
84aa9e190e625d7e9cd67e1f157a45b4,Bally Bet,Tennessee Titans,Indianapolis Colts,totals,2026-10-18 17:00:00,not a Week 5 game on the schedule
84aa9e190e625d7e9cd67e1f157a45b4,Bally Bet,Tennessee Titans,Indianapolis Colts,totals,2026-10-18 17:00:00,not a Week 5 game on the schedule
84aa9e190e625d7e9cd67e1f157a45b4,MyBookie.ag,Tennessee Titans,Indianapolis Colts,h2h,2026-10-18 17:00:00,not a Week 5 game on the schedule
84aa9e190e625d7e9cd67e1f157a45b4,MyBookie.ag,Tennessee Titans,Indianapolis Colts,h2h,2026-10-18 17:00:00,not a Week 5 game on the schedule
84aa9e190e625d7e9cd67e1f157a45b4,MyBookie.ag,Tennessee Titans,Indianapolis Colts,spreads,2026-10-18 17:00:00,not a Week 5 game on the schedule
84aa9e190e625d7e9cd67e1f157a45b4,MyBookie.ag,Tennessee Titans,Indianapolis Colts,spreads,2026-10-18 17:00:00,not a Week 5 game on the schedule
84aa9e190e625d7e9cd67e1f157a45b4,MyBookie.ag,Tennessee Titans,Indianapolis Colts,totals,2026-10-18 17:00:00,not a Week 5 game on the schedule
84aa9e190e625d7e9cd67e1f157a45b4,MyBookie.ag,Tennessee Titans,Indianapolis Colts,totals,2026-10-18 17:00:00,not a Week 5 game on the schedule
0b0b582b32b09ab6ff6664ffae0c9653,DraftKings,New York Jets,New England Patriots,h2h,2026-10-18 17:00:00,not a Week 5 game on the schedule
0b0b582b32b09ab6ff6664ffae0c9653,DraftKings,New York Jets,New England Patriots,h2h,2026-10-18 17:00:00,not a Week 5 game on the schedule
0b0b582b32b09ab6ff6664ffae0c9653,DraftKings,New York Jets,New England Patriots,spreads,2026-10-18 17:00:00,not a Week 5 game on the schedule
0b0b582b32b09ab6ff6664ffae0c9653,DraftKings,New York Jets,New England Patriots,spreads,2026-10-18 17:00:00,not a Week 5 game on the schedule
0b0b582b32b09ab6ff6664ffae0c9653,DraftKings,New York Jets,New England Patriots,totals,2026-10-18 17:00:00,not a Week 5 game on the schedule
0b0b582b32b09ab6ff6664ffae0c9653,DraftKings,New York Jets,New England Patriots,totals,2026-10-18 17:00:00,not a Week 5 game on the schedule
0b0b582b32b09ab6ff6664ffae0c9653,FanDuel,New York Jets,New England Patriots,h2h,2026-10-18 17:00:00,not a Week 5 game on the schedule
0b0b582b32b09ab6ff6664ffae0c9653,FanDuel,New York Jets,New England Patriots,h2h,2026-10-18 17:00:00,not a Week 5 game on the schedule
0b0b582b32b09ab6ff6664ffae0c9653,FanDuel,New York Jets,New England Patriots,spreads,2026-10-18 17:00:00,not a Week 5 game on the schedule
0b0b582b32b09ab6ff6664ffae0c9653,FanDuel,New York Jets,New England Patriots,spreads,2026-10-18 17:00:00,not a Week 5 game on the schedule
0b0b582b32b09ab6ff6664ffae0c9653,FanDuel,New York Jets,New England Patriots,totals,2026-10-18 17:00:00,not a Week 5 game on the schedule
0b0b582b32b09ab6ff6664ffae0c9653,FanDuel,New York Jets,New England Patriots,totals,2026-10-18 17:00:00,not a Week 5 game on the schedule
0b0b582b32b09ab6ff6664ffae0c9653,LowVig.ag,New York Jets,New England Patriots,spreads,2026-10-18 17:00:00,not a Week 5 game on the schedule
0b0b582b32b09ab6ff6664ffae0c9653,LowVig.ag,New York Jets,New England Patriots,spreads,2026-10-18 17:00:00,not a Week 5 game on the schedule
0b0b582b32b09ab6ff6664ffae0c9653,LowVig.ag,New York Jets,New England Patriots,totals,2026-10-18 17:00:00,not a Week 5 game on the schedule
0b0b582b32b09ab6ff6664ffae0c9653,LowVig.ag,New York Jets,New England Patriots,totals,2026-10-18 17:00:00,not a Week 5 game on the schedule
0b0b582b32b09ab6ff6664ffae0c9653,BetOnline.ag,New York Jets,New England Patriots,spreads,2026-10-18 17:00:00,not a Week 5 game on the schedule
0b0b582b32b09ab6ff6664ffae0c9653,BetOnline.ag,New York Jets,New England Patriots,spreads,2026-10-18 17:00:00,not a Week 5 game on the schedule
0b0b582b32b09ab6ff6664ffae0c9653,BetOnline.ag,New York Jets,New England Patriots,totals,2026-10-18 17:00:00,not a Week 5 game on the schedule
0b0b582b32b09ab6ff6664ffae0c9653,BetOnline.ag,New York Jets,New England Patriots,totals,2026-10-18 17:00:00,not a Week 5 game on the schedule
0b0b582b32b09ab6ff6664ffae0c9653,BetUS,New York Jets,New England Patriots,spreads,2026-10-18 17:00:00,not a Week 5 game on the schedule
0b0b582b32b09ab6ff6664ffae0c9653,BetUS,New York Jets,New England Patriots,spreads,2026-10-18 17:00:00,not a Week 5 game on the schedule
0b0b582b32b09ab6ff6664ffae0c9653,BetUS,New York Jets,New England Patriots,totals,2026-10-18 17:00:00,not a Week 5 game on the schedule
0b0b582b32b09ab6ff6664ffae0c9653,BetUS,New York Jets,New England Patriots,totals,2026-10-18 17:00:00,not a Week 5 game on the schedule
0b0b582b32b09ab6ff6664ffae0c9653,betPARX,New York Jets,New England Patriots,h2h,2026-10-18 17:00:00,not a Week 5 game on the schedule
0b0b582b32b09ab6ff6664ffae0c9653,betPARX,New York Jets,New England Patriots,h2h,2026-10-18 17:00:00,not a Week 5 game on the schedule
0b0b582b32b09ab6ff6664ffae0c9653,betPARX,New York Jets,New England Patriots,spreads,2026-10-18 17:00:00,not a Week 5 game on the schedule
0b0b582b32b09ab6ff6664ffae0c9653,betPARX,New York Jets,New England Patriots,spreads,2026-10-18 17:00:00,not a Week 5 game on the schedule
0b0b582b32b09ab6ff6664ffae0c9653,betPARX,New York Jets,New England Patriots,totals,2026-10-18 17:00:00,not a Week 5 game on the schedule
0b0b582b32b09ab6ff6664ffae0c9653,betPARX,New York Jets,New England Patriots,totals,2026-10-18 17:00:00,not a Week 5 game on the schedule
0b0b582b32b09ab6ff6664ffae0c9653,BetRivers,New York Jets,New England Patriots,h2h,2026-10-18 17:00:00,not a Week 5 game on the schedule
0b0b582b32b09ab6ff6664ffae0c9653,BetRivers,New York Jets,New England Patriots,h2h,2026-10-18 17:00:00,not a Week 5 game on the schedule
0b0b582b32b09ab6ff6664ffae0c9653,BetRivers,New York Jets,New England Patriots,spreads,2026-10-18 17:00:00,not a Week 5 game on the schedule
0b0b582b32b09ab6ff6664ffae0c9653,BetRivers,New York Jets,New England Patriots,spreads,2026-10-18 17:00:00,not a Week 5 game on the schedule
0b0b582b32b09ab6ff6664ffae0c9653,BetRivers,New York Jets,New England Patriots,totals,2026-10-18 17:00:00,not a Week 5 game on the schedule
0b0b582b32b09ab6ff6664ffae0c9653,BetRivers,New York Jets,New England Patriots,totals,2026-10-18 17:00:00,not a Week 5 game on the schedule
0b0b582b32b09ab6ff6664ffae0c9653,Bally Bet,New York Jets,New England Patriots,h2h,2026-10-18 17:00:00,not a Week 5 game on the schedule
0b0b582b32b09ab6ff6664ffae0c9653,Bally Bet,New York Jets,New England Patriots,h2h,2026-10-18 17:00:00,not a Week 5 game on the schedule
0b0b582b32b09ab6ff6664ffae0c9653,Bally Bet,New York Jets,New England Patriots,spreads,2026-10-18 17:00:00,not a Week 5 game on the schedule
0b0b582b32b09ab6ff6664ffae0c9653,Bally Bet,New York Jets,New England Patriots,spreads,2026-10-18 17:00:00,not a Week 5 game on the schedule
0b0b582b32b09ab6ff6664ffae0c9653,Bally Bet,New York Jets,New England Patriots,totals,2026-10-18 17:00:00,not a Week 5 game on the schedule
0b0b582b32b09ab6ff6664ffae0c9653,Bally Bet,New York Jets,New England Patriots,totals,2026-10-18 17:00:00,not a Week 5 game on the schedule
0b0b582b32b09ab6ff6664ffae0c9653,MyBookie.ag,New York Jets,New England Patriots,h2h,2026-10-18 17:00:00,not a Week 5 game on the schedule
0b0b582b32b09ab6ff6664ffae0c9653,MyBookie.ag,New York Jets,New England Patriots,h2h,2026-10-18 17:00:00,not a Week 5 game on the schedule
0b0b582b32b09ab6ff6664ffae0c9653,MyBookie.ag,New York Jets,New England Patriots,spreads,2026-10-18 17:00:00,not a Week 5 game on the schedule
0b0b582b32b09ab6ff6664ffae0c9653,MyBookie.ag,New York Jets,New England Patriots,spreads,2026-10-18 17:00:00,not a Week 5 game on the schedule
0b0b582b32b09ab6ff6664ffae0c9653,MyBookie.ag,New York Jets,New England Patriots,totals,2026-10-18 17:00:00,not a Week 5 game on the schedule
0b0b582b32b09ab6ff6664ffae0c9653,MyBookie.ag,New York Jets,New England Patriots,totals,2026-10-18 17:00:00,not a Week 5 game on the schedule
1cf74afd313e9fd300e1462012b174cb,DraftKings,New Orleans Saints,New York Giants,h2h,2026-10-18 17:00:00,not a Week 5 game on the schedule
1cf74afd313e9fd300e1462012b174cb,DraftKings,New Orleans Saints,New York Giants,h2h,2026-10-18 17:00:00,not a Week 5 game on the schedule
1cf74afd313e9fd300e1462012b174cb,DraftKings,New Orleans Saints,New York Giants,spreads,2026-10-18 17:00:00,not a Week 5 game on the schedule
1cf74afd313e9fd300e1462012b174cb,DraftKings,New Orleans Saints,New York Giants,spreads,2026-10-18 17:00:00,not a Week 5 game on the schedule
1cf74afd313e9fd300e1462012b174cb,DraftKings,New Orleans Saints,New York Giants,totals,2026-10-18 17:00:00,not a Week 5 game on the schedule
1cf74afd313e9fd300e1462012b174cb,DraftKings,New Orleans Saints,New York Giants,totals,2026-10-18 17:00:00,not a Week 5 game on the schedule
1cf74afd313e9fd300e1462012b174cb,BetUS,New Orleans Saints,New York Giants,spreads,2026-10-18 17:00:00,not a Week 5 game on the schedule
1cf74afd313e9fd300e1462012b174cb,BetUS,New Orleans Saints,New York Giants,spreads,2026-10-18 17:00:00,not a Week 5 game on the schedule
1cf74afd313e9fd300e1462012b174cb,BetUS,New Orleans Saints,New York Giants,totals,2026-10-18 17:00:00,not a Week 5 game on the schedule
1cf74afd313e9fd300e1462012b174cb,BetUS,New Orleans Saints,New York Giants,totals,2026-10-18 17:00:00,not a Week 5 game on the schedule
1cf74afd313e9fd300e1462012b174cb,FanDuel,New Orleans Saints,New York Giants,h2h,2026-10-18 17:00:00,not a Week 5 game on the schedule
1cf74afd313e9fd300e1462012b174cb,FanDuel,New Orleans Saints,New York Giants,h2h,2026-10-18 17:00:00,not a Week 5 game on the schedule
1cf74afd313e9fd300e1462012b174cb,FanDuel,New Orleans Saints,New York Giants,spreads,2026-10-18 17:00:00,not a Week 5 game on the schedule
1cf74afd313e9fd300e1462012b174cb,FanDuel,New Orleans Saints,New York Giants,spreads,2026-10-18 17:00:00,not a Week 5 game on the schedule
1cf74afd313e9fd300e1462012b174cb,FanDuel,New Orleans Saints,New York Giants,totals,2026-10-18 17:00:00,not a Week 5 game on the schedule
1cf74afd313e9fd300e1462012b174cb,FanDuel,New Orleans Saints,New York Giants,totals,2026-10-18 17:00:00,not a Week 5 game on the schedule
1cf74afd313e9fd300e1462012b174cb,BetOnline.ag,New Orleans Saints,New York Giants,spreads,2026-10-18 17:00:00,not a Week 5 game on the schedule
1cf74afd313e9fd300e1462012b174cb,BetOnline.ag,New Orleans Saints,New York Giants,spreads,2026-10-18 17:00:00,not a Week 5 game on the schedule
1cf74afd313e9fd300e1462012b174cb,BetOnline.ag,New Orleans Saints,New York Giants,totals,2026-10-18 17:00:00,not a Week 5 game on the schedule
1cf74afd313e9fd300e1462012b174cb,BetOnline.ag,New Orleans Saints,New York Giants,totals,2026-10-18 17:00:00,not a Week 5 game on the schedule
1cf74afd313e9fd300e1462012b174cb,LowVig.ag,New Orleans Saints,New York Giants,spreads,2026-10-18 17:00:00,not a Week 5 game on the schedule
1cf74afd313e9fd300e1462012b174cb,LowVig.ag,New Orleans Saints,New York Giants,spreads,2026-10-18 17:00:00,not a Week 5 game on the schedule
1cf74afd313e9fd300e1462012b174cb,LowVig.ag,New Orleans Saints,New York Giants,totals,2026-10-18 17:00:00,not a Week 5 game on the schedule
1cf74afd313e9fd300e1462012b174cb,LowVig.ag,New Orleans Saints,New York Giants,totals,2026-10-18 17:00:00,not a Week 5 game on the schedule
1cf74afd313e9fd300e1462012b174cb,BetRivers,New Orleans Saints,New York Giants,h2h,2026-10-18 17:00:00,not a Week 5 game on the schedule
1cf74afd313e9fd300e1462012b174cb,BetRivers,New Orleans Saints,New York Giants,h2h,2026-10-18 17:00:00,not a Week 5 game on the schedule
1cf74afd313e9fd300e1462012b174cb,BetRivers,New Orleans Saints,New York Giants,spreads,2026-10-18 17:00:00,not a Week 5 game on the schedule
1cf74afd313e9fd300e1462012b174cb,BetRivers,New Orleans Saints,New York Giants,spreads,2026-10-18 17:00:00,not a Week 5 game on the schedule
1cf74afd313e9fd300e1462012b174cb,BetRivers,New Orleans Saints,New York Giants,totals,2026-10-18 17:00:00,not a Week 5 game on the schedule
1cf74afd313e9fd300e1462012b174cb,BetRivers,New Orleans Saints,New York Giants,totals,2026-10-18 17:00:00,not a Week 5 game on the schedule
1cf74afd313e9fd300e1462012b174cb,betPARX,New Orleans Saints,New York Giants,h2h,2026-10-18 17:00:00,not a Week 5 game on the schedule
1cf74afd313e9fd300e1462012b174cb,betPARX,New Orleans Saints,New York Giants,h2h,2026-10-18 17:00:00,not a Week 5 game on the schedule
1cf74afd313e9fd300e1462012b174cb,betPARX,New Orleans Saints,New York Giants,spreads,2026-10-18 17:00:00,not a Week 5 game on the schedule
1cf74afd313e9fd300e1462012b174cb,betPARX,New Orleans Saints,New York Giants,spreads,2026-10-18 17:00:00,not a Week 5 game on the schedule
1cf74afd313e9fd300e1462012b174cb,betPARX,New Orleans Saints,New York Giants,totals,2026-10-18 17:00:00,not a Week 5 game on the schedule
1cf74afd313e9fd300e1462012b174cb,betPARX,New Orleans Saints,New York Giants,totals,2026-10-18 17:00:00,not a Week 5 game on the schedule
1cf74afd313e9fd300e1462012b174cb,Bally Bet,New Orleans Saints,New York Giants,h2h,2026-10-18 17:00:00,not a Week 5 game on the schedule
1cf74afd313e9fd300e1462012b174cb,Bally Bet,New Orleans Saints,New York Giants,h2h,2026-10-18 17:00:00,not a Week 5 game on the schedule
1cf74afd313e9fd300e1462012b174cb,Bally Bet,New Orleans Saints,New York Giants,spreads,2026-10-18 17:00:00,not a Week 5 game on the schedule
1cf74afd313e9fd300e1462012b174cb,Bally Bet,New Orleans Saints,New York Giants,spreads,2026-10-18 17:00:00,not a Week 5 game on the schedule
1cf74afd313e9fd300e1462012b174cb,Bally Bet,New Orleans Saints,New York Giants,totals,2026-10-18 17:00:00,not a Week 5 game on the schedule
1cf74afd313e9fd300e1462012b174cb,Bally Bet,New Orleans Saints,New York Giants,totals,2026-10-18 17:00:00,not a Week 5 game on the schedule
1cf74afd313e9fd300e1462012b174cb,MyBookie.ag,New Orleans Saints,New York Giants,h2h,2026-10-18 17:00:00,not a Week 5 game on the schedule
1cf74afd313e9fd300e1462012b174cb,MyBookie.ag,New Orleans Saints,New York Giants,h2h,2026-10-18 17:00:00,not a Week 5 game on the schedule
1cf74afd313e9fd300e1462012b174cb,MyBookie.ag,New Orleans Saints,New York Giants,spreads,2026-10-18 17:00:00,not a Week 5 game on the schedule
1cf74afd313e9fd300e1462012b174cb,MyBookie.ag,New Orleans Saints,New York Giants,spreads,2026-10-18 17:00:00,not a Week 5 game on the schedule
1cf74afd313e9fd300e1462012b174cb,MyBookie.ag,New Orleans Saints,New York Giants,totals,2026-10-18 17:00:00,not a Week 5 game on the schedule
1cf74afd313e9fd300e1462012b174cb,MyBookie.ag,New Orleans Saints,New York Giants,totals,2026-10-18 17:00:00,not a Week 5 game on the schedule
27f3994841ce8081c0b7349cf3d1e3d7,DraftKings,Pittsburgh Steelers,Tampa Bay Buccaneers,h2h,2026-10-18 17:00:00,not a Week 5 game on the schedule
27f3994841ce8081c0b7349cf3d1e3d7,DraftKings,Pittsburgh Steelers,Tampa Bay Buccaneers,h2h,2026-10-18 17:00:00,not a Week 5 game on the schedule
27f3994841ce8081c0b7349cf3d1e3d7,DraftKings,Pittsburgh Steelers,Tampa Bay Buccaneers,spreads,2026-10-18 17:00:00,not a Week 5 game on the schedule
27f3994841ce8081c0b7349cf3d1e3d7,DraftKings,Pittsburgh Steelers,Tampa Bay Buccaneers,spreads,2026-10-18 17:00:00,not a Week 5 game on the schedule
27f3994841ce8081c0b7349cf3d1e3d7,DraftKings,Pittsburgh Steelers,Tampa Bay Buccaneers,totals,2026-10-18 17:00:00,not a Week 5 game on the schedule
27f3994841ce8081c0b7349cf3d1e3d7,DraftKings,Pittsburgh Steelers,Tampa Bay Buccaneers,totals,2026-10-18 17:00:00,not a Week 5 game on the schedule
27f3994841ce8081c0b7349cf3d1e3d7,BetUS,Pittsburgh Steelers,Tampa Bay Buccaneers,spreads,2026-10-18 17:00:00,not a Week 5 game on the schedule
27f3994841ce8081c0b7349cf3d1e3d7,BetUS,Pittsburgh Steelers,Tampa Bay Buccaneers,spreads,2026-10-18 17:00:00,not a Week 5 game on the schedule
27f3994841ce8081c0b7349cf3d1e3d7,BetUS,Pittsburgh Steelers,Tampa Bay Buccaneers,totals,2026-10-18 17:00:00,not a Week 5 game on the schedule
27f3994841ce8081c0b7349cf3d1e3d7,BetUS,Pittsburgh Steelers,Tampa Bay Buccaneers,totals,2026-10-18 17:00:00,not a Week 5 game on the schedule
27f3994841ce8081c0b7349cf3d1e3d7,FanDuel,Pittsburgh Steelers,Tampa Bay Buccaneers,h2h,2026-10-18 17:00:00,not a Week 5 game on the schedule
27f3994841ce8081c0b7349cf3d1e3d7,FanDuel,Pittsburgh Steelers,Tampa Bay Buccaneers,h2h,2026-10-18 17:00:00,not a Week 5 game on the schedule
27f3994841ce8081c0b7349cf3d1e3d7,FanDuel,Pittsburgh Steelers,Tampa Bay Buccaneers,spreads,2026-10-18 17:00:00,not a Week 5 game on the schedule
27f3994841ce8081c0b7349cf3d1e3d7,FanDuel,Pittsburgh Steelers,Tampa Bay Buccaneers,spreads,2026-10-18 17:00:00,not a Week 5 game on the schedule
27f3994841ce8081c0b7349cf3d1e3d7,FanDuel,Pittsburgh Steelers,Tampa Bay Buccaneers,totals,2026-10-18 17:00:00,not a Week 5 game on the schedule
27f3994841ce8081c0b7349cf3d1e3d7,FanDuel,Pittsburgh Steelers,Tampa Bay Buccaneers,totals,2026-10-18 17:00:00,not a Week 5 game on the schedule
27f3994841ce8081c0b7349cf3d1e3d7,LowVig.ag,Pittsburgh Steelers,Tampa Bay Buccaneers,spreads,2026-10-18 17:00:00,not a Week 5 game on the schedule
27f3994841ce8081c0b7349cf3d1e3d7,LowVig.ag,Pittsburgh Steelers,Tampa Bay Buccaneers,spreads,2026-10-18 17:00:00,not a Week 5 game on the schedule
27f3994841ce8081c0b7349cf3d1e3d7,LowVig.ag,Pittsburgh Steelers,Tampa Bay Buccaneers,totals,2026-10-18 17:00:00,not a Week 5 game on the schedule
27f3994841ce8081c0b7349cf3d1e3d7,LowVig.ag,Pittsburgh Steelers,Tampa Bay Buccaneers,totals,2026-10-18 17:00:00,not a Week 5 game on the schedule
27f3994841ce8081c0b7349cf3d1e3d7,BetOnline.ag,Pittsburgh Steelers,Tampa Bay Buccaneers,spreads,2026-10-18 17:00:00,not a Week 5 game on the schedule
27f3994841ce8081c0b7349cf3d1e3d7,BetOnline.ag,Pittsburgh Steelers,Tampa Bay Buccaneers,spreads,2026-10-18 17:00:00,not a Week 5 game on the schedule
27f3994841ce8081c0b7349cf3d1e3d7,BetOnline.ag,Pittsburgh Steelers,Tampa Bay Buccaneers,totals,2026-10-18 17:00:00,not a Week 5 game on the schedule
27f3994841ce8081c0b7349cf3d1e3d7,BetOnline.ag,Pittsburgh Steelers,Tampa Bay Buccaneers,totals,2026-10-18 17:00:00,not a Week 5 game on the schedule
27f3994841ce8081c0b7349cf3d1e3d7,BetRivers,Pittsburgh Steelers,Tampa Bay Buccaneers,h2h,2026-10-18 17:00:00,not a Week 5 game on the schedule
27f3994841ce8081c0b7349cf3d1e3d7,BetRivers,Pittsburgh Steelers,Tampa Bay Buccaneers,h2h,2026-10-18 17:00:00,not a Week 5 game on the schedule
27f3994841ce8081c0b7349cf3d1e3d7,BetRivers,Pittsburgh Steelers,Tampa Bay Buccaneers,spreads,2026-10-18 17:00:00,not a Week 5 game on the schedule
27f3994841ce8081c0b7349cf3d1e3d7,BetRivers,Pittsburgh Steelers,Tampa Bay Buccaneers,spreads,2026-10-18 17:00:00,not a Week 5 game on the schedule
27f3994841ce8081c0b7349cf3d1e3d7,BetRivers,Pittsburgh Steelers,Tampa Bay Buccaneers,totals,2026-10-18 17:00:00,not a Week 5 game on the schedule
27f3994841ce8081c0b7349cf3d1e3d7,BetRivers,Pittsburgh Steelers,Tampa Bay Buccaneers,totals,2026-10-18 17:00:00,not a Week 5 game on the schedule
27f3994841ce8081c0b7349cf3d1e3d7,betPARX,Pittsburgh Steelers,Tampa Bay Buccaneers,h2h,2026-10-18 17:00:00,not a Week 5 game on the schedule
27f3994841ce8081c0b7349cf3d1e3d7,betPARX,Pittsburgh Steelers,Tampa Bay Buccaneers,h2h,2026-10-18 17:00:00,not a Week 5 game on the schedule
27f3994841ce8081c0b7349cf3d1e3d7,betPARX,Pittsburgh Steelers,Tampa Bay Buccaneers,spreads,2026-10-18 17:00:00,not a Week 5 game on the schedule
27f3994841ce8081c0b7349cf3d1e3d7,betPARX,Pittsburgh Steelers,Tampa Bay Buccaneers,spreads,2026-10-18 17:00:00,not a Week 5 game on the schedule
27f3994841ce8081c0b7349cf3d1e3d7,betPARX,Pittsburgh Steelers,Tampa Bay Buccaneers,totals,2026-10-18 17:00:00,not a Week 5 game on the schedule
27f3994841ce8081c0b7349cf3d1e3d7,betPARX,Pittsburgh Steelers,Tampa Bay Buccaneers,totals,2026-10-18 17:00:00,not a Week 5 game on the schedule
27f3994841ce8081c0b7349cf3d1e3d7,Bally Bet,Pittsburgh Steelers,Tampa Bay Buccaneers,h2h,2026-10-18 17:00:00,not a Week 5 game on the schedule
27f3994841ce8081c0b7349cf3d1e3d7,Bally Bet,Pittsburgh Steelers,Tampa Bay Buccaneers,h2h,2026-10-18 17:00:00,not a Week 5 game on the schedule
27f3994841ce8081c0b7349cf3d1e3d7,Bally Bet,Pittsburgh Steelers,Tampa Bay Buccaneers,spreads,2026-10-18 17:00:00,not a Week 5 game on the schedule
27f3994841ce8081c0b7349cf3d1e3d7,Bally Bet,Pittsburgh Steelers,Tampa Bay Buccaneers,spreads,2026-10-18 17:00:00,not a Week 5 game on the schedule
27f3994841ce8081c0b7349cf3d1e3d7,Bally Bet,Pittsburgh Steelers,Tampa Bay Buccaneers,totals,2026-10-18 17:00:00,not a Week 5 game on the schedule
27f3994841ce8081c0b7349cf3d1e3d7,Bally Bet,Pittsburgh Steelers,Tampa Bay Buccaneers,totals,2026-10-18 17:00:00,not a Week 5 game on the schedule
27f3994841ce8081c0b7349cf3d1e3d7,MyBookie.ag,Pittsburgh Steelers,Tampa Bay Buccaneers,h2h,2026-10-18 17:00:00,not a Week 5 game on the schedule
27f3994841ce8081c0b7349cf3d1e3d7,MyBookie.ag,Pittsburgh Steelers,Tampa Bay Buccaneers,h2h,2026-10-18 17:00:00,not a Week 5 game on the schedule
27f3994841ce8081c0b7349cf3d1e3d7,MyBookie.ag,Pittsburgh Steelers,Tampa Bay Buccaneers,spreads,2026-10-18 17:00:00,not a Week 5 game on the schedule
27f3994841ce8081c0b7349cf3d1e3d7,MyBookie.ag,Pittsburgh Steelers,Tampa Bay Buccaneers,spreads,2026-10-18 17:00:00,not a Week 5 game on the schedule
27f3994841ce8081c0b7349cf3d1e3d7,MyBookie.ag,Pittsburgh Steelers,Tampa Bay Buccaneers,totals,2026-10-18 17:00:00,not a Week 5 game on the schedule
27f3994841ce8081c0b7349cf3d1e3d7,MyBookie.ag,Pittsburgh Steelers,Tampa Bay Buccaneers,totals,2026-10-18 17:00:00,not a Week 5 game on the schedule
3729ac6d2a66b642850caf2044cdc658,DraftKings,Arizona Cardinals,Los Angeles Rams,h2h,2026-10-18 20:05:00,not a Week 5 game on the schedule
3729ac6d2a66b642850caf2044cdc658,DraftKings,Arizona Cardinals,Los Angeles Rams,h2h,2026-10-18 20:05:00,not a Week 5 game on the schedule
3729ac6d2a66b642850caf2044cdc658,DraftKings,Arizona Cardinals,Los Angeles Rams,spreads,2026-10-18 20:05:00,not a Week 5 game on the schedule
3729ac6d2a66b642850caf2044cdc658,DraftKings,Arizona Cardinals,Los Angeles Rams,spreads,2026-10-18 20:05:00,not a Week 5 game on the schedule
3729ac6d2a66b642850caf2044cdc658,DraftKings,Arizona Cardinals,Los Angeles Rams,totals,2026-10-18 20:05:00,not a Week 5 game on the schedule
3729ac6d2a66b642850caf2044cdc658,DraftKings,Arizona Cardinals,Los Angeles Rams,totals,2026-10-18 20:05:00,not a Week 5 game on the schedule
3729ac6d2a66b642850caf2044cdc658,BetUS,Arizona Cardinals,Los Angeles Rams,spreads,2026-10-18 20:05:00,not a Week 5 game on the schedule
3729ac6d2a66b642850caf2044cdc658,BetUS,Arizona Cardinals,Los Angeles Rams,spreads,2026-10-18 20:05:00,not a Week 5 game on the schedule
3729ac6d2a66b642850caf2044cdc658,BetUS,Arizona Cardinals,Los Angeles Rams,totals,2026-10-18 20:05:00,not a Week 5 game on the schedule
3729ac6d2a66b642850caf2044cdc658,BetUS,Arizona Cardinals,Los Angeles Rams,totals,2026-10-18 20:05:00,not a Week 5 game on the schedule
3729ac6d2a66b642850caf2044cdc658,FanDuel,Arizona Cardinals,Los Angeles Rams,h2h,2026-10-18 20:05:00,not a Week 5 game on the schedule
3729ac6d2a66b642850caf2044cdc658,FanDuel,Arizona Cardinals,Los Angeles Rams,h2h,2026-10-18 20:05:00,not a Week 5 game on the schedule
3729ac6d2a66b642850caf2044cdc658,FanDuel,Arizona Cardinals,Los Angeles Rams,spreads,2026-10-18 20:05:00,not a Week 5 game on the schedule
3729ac6d2a66b642850caf2044cdc658,FanDuel,Arizona Cardinals,Los Angeles Rams,spreads,2026-10-18 20:05:00,not a Week 5 game on the schedule
3729ac6d2a66b642850caf2044cdc658,FanDuel,Arizona Cardinals,Los Angeles Rams,totals,2026-10-18 20:05:00,not a Week 5 game on the schedule
3729ac6d2a66b642850caf2044cdc658,FanDuel,Arizona Cardinals,Los Angeles Rams,totals,2026-10-18 20:05:00,not a Week 5 game on the schedule
3729ac6d2a66b642850caf2044cdc658,LowVig.ag,Arizona Cardinals,Los Angeles Rams,spreads,2026-10-18 20:05:00,not a Week 5 game on the schedule
3729ac6d2a66b642850caf2044cdc658,LowVig.ag,Arizona Cardinals,Los Angeles Rams,spreads,2026-10-18 20:05:00,not a Week 5 game on the schedule
3729ac6d2a66b642850caf2044cdc658,LowVig.ag,Arizona Cardinals,Los Angeles Rams,totals,2026-10-18 20:05:00,not a Week 5 game on the schedule
3729ac6d2a66b642850caf2044cdc658,LowVig.ag,Arizona Cardinals,Los Angeles Rams,totals,2026-10-18 20:05:00,not a Week 5 game on the schedule
3729ac6d2a66b642850caf2044cdc658,BetOnline.ag,Arizona Cardinals,Los Angeles Rams,spreads,2026-10-18 20:05:00,not a Week 5 game on the schedule
3729ac6d2a66b642850caf2044cdc658,BetOnline.ag,Arizona Cardinals,Los Angeles Rams,spreads,2026-10-18 20:05:00,not a Week 5 game on the schedule
3729ac6d2a66b642850caf2044cdc658,BetOnline.ag,Arizona Cardinals,Los Angeles Rams,totals,2026-10-18 20:05:00,not a Week 5 game on the schedule
3729ac6d2a66b642850caf2044cdc658,BetOnline.ag,Arizona Cardinals,Los Angeles Rams,totals,2026-10-18 20:05:00,not a Week 5 game on the schedule
3729ac6d2a66b642850caf2044cdc658,betPARX,Arizona Cardinals,Los Angeles Rams,h2h,2026-10-18 20:05:00,not a Week 5 game on the schedule
3729ac6d2a66b642850caf2044cdc658,betPARX,Arizona Cardinals,Los Angeles Rams,h2h,2026-10-18 20:05:00,not a Week 5 game on the schedule
3729ac6d2a66b642850caf2044cdc658,betPARX,Arizona Cardinals,Los Angeles Rams,spreads,2026-10-18 20:05:00,not a Week 5 game on the schedule
3729ac6d2a66b642850caf2044cdc658,betPARX,Arizona Cardinals,Los Angeles Rams,spreads,2026-10-18 20:05:00,not a Week 5 game on the schedule
3729ac6d2a66b642850caf2044cdc658,betPARX,Arizona Cardinals,Los Angeles Rams,totals,2026-10-18 20:05:00,not a Week 5 game on the schedule
3729ac6d2a66b642850caf2044cdc658,betPARX,Arizona Cardinals,Los Angeles Rams,totals,2026-10-18 20:05:00,not a Week 5 game on the schedule
3729ac6d2a66b642850caf2044cdc658,Bally Bet,Arizona Cardinals,Los Angeles Rams,h2h,2026-10-18 20:05:00,not a Week 5 game on the schedule
3729ac6d2a66b642850caf2044cdc658,Bally Bet,Arizona Cardinals,Los Angeles Rams,h2h,2026-10-18 20:05:00,not a Week 5 game on the schedule
3729ac6d2a66b642850caf2044cdc658,Bally Bet,Arizona Cardinals,Los Angeles Rams,spreads,2026-10-18 20:05:00,not a Week 5 game on the schedule
3729ac6d2a66b642850caf2044cdc658,Bally Bet,Arizona Cardinals,Los Angeles Rams,spreads,2026-10-18 20:05:00,not a Week 5 game on the schedule
3729ac6d2a66b642850caf2044cdc658,Bally Bet,Arizona Cardinals,Los Angeles Rams,totals,2026-10-18 20:05:00,not a Week 5 game on the schedule
3729ac6d2a66b642850caf2044cdc658,Bally Bet,Arizona Cardinals,Los Angeles Rams,totals,2026-10-18 20:05:00,not a Week 5 game on the schedule
3729ac6d2a66b642850caf2044cdc658,BetRivers,Arizona Cardinals,Los Angeles Rams,h2h,2026-10-18 20:05:00,not a Week 5 game on the schedule
3729ac6d2a66b642850caf2044cdc658,BetRivers,Arizona Cardinals,Los Angeles Rams,h2h,2026-10-18 20:05:00,not a Week 5 game on the schedule
3729ac6d2a66b642850caf2044cdc658,BetRivers,Arizona Cardinals,Los Angeles Rams,spreads,2026-10-18 20:05:00,not a Week 5 game on the schedule
3729ac6d2a66b642850caf2044cdc658,BetRivers,Arizona Cardinals,Los Angeles Rams,spreads,2026-10-18 20:05:00,not a Week 5 game on the schedule
3729ac6d2a66b642850caf2044cdc658,BetRivers,Arizona Cardinals,Los Angeles Rams,totals,2026-10-18 20:05:00,not a Week 5 game on the schedule
3729ac6d2a66b642850caf2044cdc658,BetRivers,Arizona Cardinals,Los Angeles Rams,totals,2026-10-18 20:05:00,not a Week 5 game on the schedule
3729ac6d2a66b642850caf2044cdc658,MyBookie.ag,Arizona Cardinals,Los Angeles Rams,h2h,2026-10-18 20:05:00,not a Week 5 game on the schedule
3729ac6d2a66b642850caf2044cdc658,MyBookie.ag,Arizona Cardinals,Los Angeles Rams,h2h,2026-10-18 20:05:00,not a Week 5 game on the schedule
3729ac6d2a66b642850caf2044cdc658,MyBookie.ag,Arizona Cardinals,Los Angeles Rams,spreads,2026-10-18 20:05:00,not a Week 5 game on the schedule
3729ac6d2a66b642850caf2044cdc658,MyBookie.ag,Arizona Cardinals,Los Angeles Rams,spreads,2026-10-18 20:05:00,not a Week 5 game on the schedule
3729ac6d2a66b642850caf2044cdc658,MyBookie.ag,Arizona Cardinals,Los Angeles Rams,totals,2026-10-18 20:05:00,not a Week 5 game on the schedule
3729ac6d2a66b642850caf2044cdc658,MyBookie.ag,Arizona Cardinals,Los Angeles Rams,totals,2026-10-18 20:05:00,not a Week 5 game on the schedule
45b2690b350ed45145c7a716b18e8e66,DraftKings,Buffalo Bills,Las Vegas Raiders,h2h,2026-10-18 20:25:00,not a Week 5 game on the schedule
45b2690b350ed45145c7a716b18e8e66,DraftKings,Buffalo Bills,Las Vegas Raiders,h2h,2026-10-18 20:25:00,not a Week 5 game on the schedule
45b2690b350ed45145c7a716b18e8e66,DraftKings,Buffalo Bills,Las Vegas Raiders,spreads,2026-10-18 20:25:00,not a Week 5 game on the schedule
45b2690b350ed45145c7a716b18e8e66,DraftKings,Buffalo Bills,Las Vegas Raiders,spreads,2026-10-18 20:25:00,not a Week 5 game on the schedule
45b2690b350ed45145c7a716b18e8e66,DraftKings,Buffalo Bills,Las Vegas Raiders,totals,2026-10-18 20:25:00,not a Week 5 game on the schedule
45b2690b350ed45145c7a716b18e8e66,DraftKings,Buffalo Bills,Las Vegas Raiders,totals,2026-10-18 20:25:00,not a Week 5 game on the schedule
45b2690b350ed45145c7a716b18e8e66,FanDuel,Buffalo Bills,Las Vegas Raiders,h2h,2026-10-18 20:25:00,not a Week 5 game on the schedule
45b2690b350ed45145c7a716b18e8e66,FanDuel,Buffalo Bills,Las Vegas Raiders,h2h,2026-10-18 20:25:00,not a Week 5 game on the schedule
45b2690b350ed45145c7a716b18e8e66,FanDuel,Buffalo Bills,Las Vegas Raiders,spreads,2026-10-18 20:25:00,not a Week 5 game on the schedule
45b2690b350ed45145c7a716b18e8e66,FanDuel,Buffalo Bills,Las Vegas Raiders,spreads,2026-10-18 20:25:00,not a Week 5 game on the schedule
45b2690b350ed45145c7a716b18e8e66,FanDuel,Buffalo Bills,Las Vegas Raiders,totals,2026-10-18 20:25:00,not a Week 5 game on the schedule
45b2690b350ed45145c7a716b18e8e66,FanDuel,Buffalo Bills,Las Vegas Raiders,totals,2026-10-18 20:25:00,not a Week 5 game on the schedule
45b2690b350ed45145c7a716b18e8e66,BetUS,Buffalo Bills,Las Vegas Raiders,spreads,2026-10-18 20:25:00,not a Week 5 game on the schedule
45b2690b350ed45145c7a716b18e8e66,BetUS,Buffalo Bills,Las Vegas Raiders,spreads,2026-10-18 20:25:00,not a Week 5 game on the schedule
45b2690b350ed45145c7a716b18e8e66,BetUS,Buffalo Bills,Las Vegas Raiders,totals,2026-10-18 20:25:00,not a Week 5 game on the schedule
45b2690b350ed45145c7a716b18e8e66,BetUS,Buffalo Bills,Las Vegas Raiders,totals,2026-10-18 20:25:00,not a Week 5 game on the schedule
45b2690b350ed45145c7a716b18e8e66,LowVig.ag,Buffalo Bills,Las Vegas Raiders,spreads,2026-10-18 20:25:00,not a Week 5 game on the schedule
45b2690b350ed45145c7a716b18e8e66,LowVig.ag,Buffalo Bills,Las Vegas Raiders,spreads,2026-10-18 20:25:00,not a Week 5 game on the schedule
45b2690b350ed45145c7a716b18e8e66,LowVig.ag,Buffalo Bills,Las Vegas Raiders,totals,2026-10-18 20:25:00,not a Week 5 game on the schedule
45b2690b350ed45145c7a716b18e8e66,LowVig.ag,Buffalo Bills,Las Vegas Raiders,totals,2026-10-18 20:25:00,not a Week 5 game on the schedule
45b2690b350ed45145c7a716b18e8e66,BetOnline.ag,Buffalo Bills,Las Vegas Raiders,spreads,2026-10-18 20:25:00,not a Week 5 game on the schedule
45b2690b350ed45145c7a716b18e8e66,BetOnline.ag,Buffalo Bills,Las Vegas Raiders,spreads,2026-10-18 20:25:00,not a Week 5 game on the schedule
45b2690b350ed45145c7a716b18e8e66,BetOnline.ag,Buffalo Bills,Las Vegas Raiders,totals,2026-10-18 20:25:00,not a Week 5 game on the schedule
45b2690b350ed45145c7a716b18e8e66,BetOnline.ag,Buffalo Bills,Las Vegas Raiders,totals,2026-10-18 20:25:00,not a Week 5 game on the schedule
45b2690b350ed45145c7a716b18e8e66,BetRivers,Buffalo Bills,Las Vegas Raiders,h2h,2026-10-18 20:25:00,not a Week 5 game on the schedule
45b2690b350ed45145c7a716b18e8e66,BetRivers,Buffalo Bills,Las Vegas Raiders,h2h,2026-10-18 20:25:00,not a Week 5 game on the schedule
45b2690b350ed45145c7a716b18e8e66,BetRivers,Buffalo Bills,Las Vegas Raiders,spreads,2026-10-18 20:25:00,not a Week 5 game on the schedule
45b2690b350ed45145c7a716b18e8e66,BetRivers,Buffalo Bills,Las Vegas Raiders,spreads,2026-10-18 20:25:00,not a Week 5 game on the schedule
45b2690b350ed45145c7a716b18e8e66,BetRivers,Buffalo Bills,Las Vegas Raiders,totals,2026-10-18 20:25:00,not a Week 5 game on the schedule
45b2690b350ed45145c7a716b18e8e66,BetRivers,Buffalo Bills,Las Vegas Raiders,totals,2026-10-18 20:25:00,not a Week 5 game on the schedule
45b2690b350ed45145c7a716b18e8e66,betPARX,Buffalo Bills,Las Vegas Raiders,h2h,2026-10-18 20:25:00,not a Week 5 game on the schedule
45b2690b350ed45145c7a716b18e8e66,betPARX,Buffalo Bills,Las Vegas Raiders,h2h,2026-10-18 20:25:00,not a Week 5 game on the schedule
45b2690b350ed45145c7a716b18e8e66,betPARX,Buffalo Bills,Las Vegas Raiders,spreads,2026-10-18 20:25:00,not a Week 5 game on the schedule
45b2690b350ed45145c7a716b18e8e66,betPARX,Buffalo Bills,Las Vegas Raiders,spreads,2026-10-18 20:25:00,not a Week 5 game on the schedule
45b2690b350ed45145c7a716b18e8e66,betPARX,Buffalo Bills,Las Vegas Raiders,totals,2026-10-18 20:25:00,not a Week 5 game on the schedule
45b2690b350ed45145c7a716b18e8e66,betPARX,Buffalo Bills,Las Vegas Raiders,totals,2026-10-18 20:25:00,not a Week 5 game on the schedule
45b2690b350ed45145c7a716b18e8e66,Bally Bet,Buffalo Bills,Las Vegas Raiders,h2h,2026-10-18 20:25:00,not a Week 5 game on the schedule
45b2690b350ed45145c7a716b18e8e66,Bally Bet,Buffalo Bills,Las Vegas Raiders,h2h,2026-10-18 20:25:00,not a Week 5 game on the schedule
45b2690b350ed45145c7a716b18e8e66,Bally Bet,Buffalo Bills,Las Vegas Raiders,spreads,2026-10-18 20:25:00,not a Week 5 game on the schedule
45b2690b350ed45145c7a716b18e8e66,Bally Bet,Buffalo Bills,Las Vegas Raiders,spreads,2026-10-18 20:25:00,not a Week 5 game on the schedule
45b2690b350ed45145c7a716b18e8e66,Bally Bet,Buffalo Bills,Las Vegas Raiders,totals,2026-10-18 20:25:00,not a Week 5 game on the schedule
45b2690b350ed45145c7a716b18e8e66,Bally Bet,Buffalo Bills,Las Vegas Raiders,totals,2026-10-18 20:25:00,not a Week 5 game on the schedule
45b2690b350ed45145c7a716b18e8e66,MyBookie.ag,Buffalo Bills,Las Vegas Raiders,h2h,2026-10-18 20:25:00,not a Week 5 game on the schedule
45b2690b350ed45145c7a716b18e8e66,MyBookie.ag,Buffalo Bills,Las Vegas Raiders,h2h,2026-10-18 20:25:00,not a Week 5 game on the schedule
45b2690b350ed45145c7a716b18e8e66,MyBookie.ag,Buffalo Bills,Las Vegas Raiders,spreads,2026-10-18 20:25:00,not a Week 5 game on the schedule
45b2690b350ed45145c7a716b18e8e66,MyBookie.ag,Buffalo Bills,Las Vegas Raiders,spreads,2026-10-18 20:25:00,not a Week 5 game on the schedule
45b2690b350ed45145c7a716b18e8e66,MyBookie.ag,Buffalo Bills,Las Vegas Raiders,totals,2026-10-18 20:25:00,not a Week 5 game on the schedule
45b2690b350ed45145c7a716b18e8e66,MyBookie.ag,Buffalo Bills,Las Vegas Raiders,totals,2026-10-18 20:25:00,not a Week 5 game on the schedule
20fefae8c296247460ba5773caa42218,DraftKings,Los Angeles Chargers,Kansas City Chiefs,h2h,2026-10-18 20:25:00,not a Week 5 game on the schedule
20fefae8c296247460ba5773caa42218,DraftKings,Los Angeles Chargers,Kansas City Chiefs,h2h,2026-10-18 20:25:00,not a Week 5 game on the schedule
20fefae8c296247460ba5773caa42218,DraftKings,Los Angeles Chargers,Kansas City Chiefs,spreads,2026-10-18 20:25:00,not a Week 5 game on the schedule
20fefae8c296247460ba5773caa42218,DraftKings,Los Angeles Chargers,Kansas City Chiefs,spreads,2026-10-18 20:25:00,not a Week 5 game on the schedule
20fefae8c296247460ba5773caa42218,DraftKings,Los Angeles Chargers,Kansas City Chiefs,totals,2026-10-18 20:25:00,not a Week 5 game on the schedule
20fefae8c296247460ba5773caa42218,DraftKings,Los Angeles Chargers,Kansas City Chiefs,totals,2026-10-18 20:25:00,not a Week 5 game on the schedule
20fefae8c296247460ba5773caa42218,BetUS,Los Angeles Chargers,Kansas City Chiefs,spreads,2026-10-18 20:25:00,not a Week 5 game on the schedule
20fefae8c296247460ba5773caa42218,BetUS,Los Angeles Chargers,Kansas City Chiefs,spreads,2026-10-18 20:25:00,not a Week 5 game on the schedule
20fefae8c296247460ba5773caa42218,BetUS,Los Angeles Chargers,Kansas City Chiefs,totals,2026-10-18 20:25:00,not a Week 5 game on the schedule
20fefae8c296247460ba5773caa42218,BetUS,Los Angeles Chargers,Kansas City Chiefs,totals,2026-10-18 20:25:00,not a Week 5 game on the schedule
20fefae8c296247460ba5773caa42218,FanDuel,Los Angeles Chargers,Kansas City Chiefs,h2h,2026-10-18 20:25:00,not a Week 5 game on the schedule
20fefae8c296247460ba5773caa42218,FanDuel,Los Angeles Chargers,Kansas City Chiefs,h2h,2026-10-18 20:25:00,not a Week 5 game on the schedule
20fefae8c296247460ba5773caa42218,FanDuel,Los Angeles Chargers,Kansas City Chiefs,spreads,2026-10-18 20:25:00,not a Week 5 game on the schedule
20fefae8c296247460ba5773caa42218,FanDuel,Los Angeles Chargers,Kansas City Chiefs,spreads,2026-10-18 20:25:00,not a Week 5 game on the schedule
20fefae8c296247460ba5773caa42218,FanDuel,Los Angeles Chargers,Kansas City Chiefs,totals,2026-10-18 20:25:00,not a Week 5 game on the schedule
20fefae8c296247460ba5773caa42218,FanDuel,Los Angeles Chargers,Kansas City Chiefs,totals,2026-10-18 20:25:00,not a Week 5 game on the schedule
20fefae8c296247460ba5773caa42218,LowVig.ag,Los Angeles Chargers,Kansas City Chiefs,spreads,2026-10-18 20:25:00,not a Week 5 game on the schedule
20fefae8c296247460ba5773caa42218,LowVig.ag,Los Angeles Chargers,Kansas City Chiefs,spreads,2026-10-18 20:25:00,not a Week 5 game on the schedule
20fefae8c296247460ba5773caa42218,LowVig.ag,Los Angeles Chargers,Kansas City Chiefs,totals,2026-10-18 20:25:00,not a Week 5 game on the schedule
20fefae8c296247460ba5773caa42218,LowVig.ag,Los Angeles Chargers,Kansas City Chiefs,totals,2026-10-18 20:25:00,not a Week 5 game on the schedule
20fefae8c296247460ba5773caa42218,BetOnline.ag,Los Angeles Chargers,Kansas City Chiefs,spreads,2026-10-18 20:25:00,not a Week 5 game on the schedule
20fefae8c296247460ba5773caa42218,BetOnline.ag,Los Angeles Chargers,Kansas City Chiefs,spreads,2026-10-18 20:25:00,not a Week 5 game on the schedule
20fefae8c296247460ba5773caa42218,BetOnline.ag,Los Angeles Chargers,Kansas City Chiefs,totals,2026-10-18 20:25:00,not a Week 5 game on the schedule
20fefae8c296247460ba5773caa42218,BetOnline.ag,Los Angeles Chargers,Kansas City Chiefs,totals,2026-10-18 20:25:00,not a Week 5 game on the schedule
20fefae8c296247460ba5773caa42218,Bally Bet,Los Angeles Chargers,Kansas City Chiefs,h2h,2026-10-18 20:25:00,not a Week 5 game on the schedule
20fefae8c296247460ba5773caa42218,Bally Bet,Los Angeles Chargers,Kansas City Chiefs,h2h,2026-10-18 20:25:00,not a Week 5 game on the schedule
20fefae8c296247460ba5773caa42218,Bally Bet,Los Angeles Chargers,Kansas City Chiefs,spreads,2026-10-18 20:25:00,not a Week 5 game on the schedule
20fefae8c296247460ba5773caa42218,Bally Bet,Los Angeles Chargers,Kansas City Chiefs,spreads,2026-10-18 20:25:00,not a Week 5 game on the schedule
20fefae8c296247460ba5773caa42218,Bally Bet,Los Angeles Chargers,Kansas City Chiefs,totals,2026-10-18 20:25:00,not a Week 5 game on the schedule
20fefae8c296247460ba5773caa42218,Bally Bet,Los Angeles Chargers,Kansas City Chiefs,totals,2026-10-18 20:25:00,not a Week 5 game on the schedule
20fefae8c296247460ba5773caa42218,BetRivers,Los Angeles Chargers,Kansas City Chiefs,h2h,2026-10-18 20:25:00,not a Week 5 game on the schedule
20fefae8c296247460ba5773caa42218,BetRivers,Los Angeles Chargers,Kansas City Chiefs,h2h,2026-10-18 20:25:00,not a Week 5 game on the schedule
20fefae8c296247460ba5773caa42218,BetRivers,Los Angeles Chargers,Kansas City Chiefs,spreads,2026-10-18 20:25:00,not a Week 5 game on the schedule
20fefae8c296247460ba5773caa42218,BetRivers,Los Angeles Chargers,Kansas City Chiefs,spreads,2026-10-18 20:25:00,not a Week 5 game on the schedule
20fefae8c296247460ba5773caa42218,BetRivers,Los Angeles Chargers,Kansas City Chiefs,totals,2026-10-18 20:25:00,not a Week 5 game on the schedule
20fefae8c296247460ba5773caa42218,BetRivers,Los Angeles Chargers,Kansas City Chiefs,totals,2026-10-18 20:25:00,not a Week 5 game on the schedule
20fefae8c296247460ba5773caa42218,betPARX,Los Angeles Chargers,Kansas City Chiefs,h2h,2026-10-18 20:25:00,not a Week 5 game on the schedule
20fefae8c296247460ba5773caa42218,betPARX,Los Angeles Chargers,Kansas City Chiefs,h2h,2026-10-18 20:25:00,not a Week 5 game on the schedule
20fefae8c296247460ba5773caa42218,betPARX,Los Angeles Chargers,Kansas City Chiefs,spreads,2026-10-18 20:25:00,not a Week 5 game on the schedule
20fefae8c296247460ba5773caa42218,betPARX,Los Angeles Chargers,Kansas City Chiefs,spreads,2026-10-18 20:25:00,not a Week 5 game on the schedule
20fefae8c296247460ba5773caa42218,betPARX,Los Angeles Chargers,Kansas City Chiefs,totals,2026-10-18 20:25:00,not a Week 5 game on the schedule
20fefae8c296247460ba5773caa42218,betPARX,Los Angeles Chargers,Kansas City Chiefs,totals,2026-10-18 20:25:00,not a Week 5 game on the schedule
20fefae8c296247460ba5773caa42218,MyBookie.ag,Los Angeles Chargers,Kansas City Chiefs,h2h,2026-10-18 20:25:00,not a Week 5 game on the schedule
20fefae8c296247460ba5773caa42218,MyBookie.ag,Los Angeles Chargers,Kansas City Chiefs,h2h,2026-10-18 20:25:00,not a Week 5 game on the schedule
20fefae8c296247460ba5773caa42218,MyBookie.ag,Los Angeles Chargers,Kansas City Chiefs,spreads,2026-10-18 20:25:00,not a Week 5 game on the schedule
20fefae8c296247460ba5773caa42218,MyBookie.ag,Los Angeles Chargers,Kansas City Chiefs,spreads,2026-10-18 20:25:00,not a Week 5 game on the schedule
20fefae8c296247460ba5773caa42218,MyBookie.ag,Los Angeles Chargers,Kansas City Chiefs,totals,2026-10-18 20:25:00,not a Week 5 game on the schedule
20fefae8c296247460ba5773caa42218,MyBookie.ag,Los Angeles Chargers,Kansas City Chiefs,totals,2026-10-18 20:25:00,not a Week 5 game on the schedule
82fd5a159fa130e67abab93a9537f70b,DraftKings,Dallas Cowboys,Green Bay Packers,h2h,2026-10-19 00:20:00,not a Week 5 game on the schedule
82fd5a159fa130e67abab93a9537f70b,DraftKings,Dallas Cowboys,Green Bay Packers,h2h,2026-10-19 00:20:00,not a Week 5 game on the schedule
82fd5a159fa130e67abab93a9537f70b,DraftKings,Dallas Cowboys,Green Bay Packers,spreads,2026-10-19 00:20:00,not a Week 5 game on the schedule
82fd5a159fa130e67abab93a9537f70b,DraftKings,Dallas Cowboys,Green Bay Packers,spreads,2026-10-19 00:20:00,not a Week 5 game on the schedule
82fd5a159fa130e67abab93a9537f70b,DraftKings,Dallas Cowboys,Green Bay Packers,totals,2026-10-19 00:20:00,not a Week 5 game on the schedule
82fd5a159fa130e67abab93a9537f70b,DraftKings,Dallas Cowboys,Green Bay Packers,totals,2026-10-19 00:20:00,not a Week 5 game on the schedule
82fd5a159fa130e67abab93a9537f70b,BetUS,Dallas Cowboys,Green Bay Packers,spreads,2026-10-19 00:20:00,not a Week 5 game on the schedule
82fd5a159fa130e67abab93a9537f70b,BetUS,Dallas Cowboys,Green Bay Packers,spreads,2026-10-19 00:20:00,not a Week 5 game on the schedule
82fd5a159fa130e67abab93a9537f70b,BetUS,Dallas Cowboys,Green Bay Packers,totals,2026-10-19 00:20:00,not a Week 5 game on the schedule
82fd5a159fa130e67abab93a9537f70b,BetUS,Dallas Cowboys,Green Bay Packers,totals,2026-10-19 00:20:00,not a Week 5 game on the schedule
82fd5a159fa130e67abab93a9537f70b,FanDuel,Dallas Cowboys,Green Bay Packers,h2h,2026-10-19 00:20:00,not a Week 5 game on the schedule
82fd5a159fa130e67abab93a9537f70b,FanDuel,Dallas Cowboys,Green Bay Packers,h2h,2026-10-19 00:20:00,not a Week 5 game on the schedule
82fd5a159fa130e67abab93a9537f70b,FanDuel,Dallas Cowboys,Green Bay Packers,spreads,2026-10-19 00:20:00,not a Week 5 game on the schedule
82fd5a159fa130e67abab93a9537f70b,FanDuel,Dallas Cowboys,Green Bay Packers,spreads,2026-10-19 00:20:00,not a Week 5 game on the schedule
82fd5a159fa130e67abab93a9537f70b,FanDuel,Dallas Cowboys,Green Bay Packers,totals,2026-10-19 00:20:00,not a Week 5 game on the schedule
82fd5a159fa130e67abab93a9537f70b,FanDuel,Dallas Cowboys,Green Bay Packers,totals,2026-10-19 00:20:00,not a Week 5 game on the schedule
82fd5a159fa130e67abab93a9537f70b,LowVig.ag,Dallas Cowboys,Green Bay Packers,spreads,2026-10-19 00:20:00,not a Week 5 game on the schedule
82fd5a159fa130e67abab93a9537f70b,LowVig.ag,Dallas Cowboys,Green Bay Packers,spreads,2026-10-19 00:20:00,not a Week 5 game on the schedule
82fd5a159fa130e67abab93a9537f70b,LowVig.ag,Dallas Cowboys,Green Bay Packers,totals,2026-10-19 00:20:00,not a Week 5 game on the schedule
82fd5a159fa130e67abab93a9537f70b,LowVig.ag,Dallas Cowboys,Green Bay Packers,totals,2026-10-19 00:20:00,not a Week 5 game on the schedule
82fd5a159fa130e67abab93a9537f70b,BetOnline.ag,Dallas Cowboys,Green Bay Packers,spreads,2026-10-19 00:20:00,not a Week 5 game on the schedule
82fd5a159fa130e67abab93a9537f70b,BetOnline.ag,Dallas Cowboys,Green Bay Packers,spreads,2026-10-19 00:20:00,not a Week 5 game on the schedule
82fd5a159fa130e67abab93a9537f70b,BetOnline.ag,Dallas Cowboys,Green Bay Packers,totals,2026-10-19 00:20:00,not a Week 5 game on the schedule
82fd5a159fa130e67abab93a9537f70b,BetOnline.ag,Dallas Cowboys,Green Bay Packers,totals,2026-10-19 00:20:00,not a Week 5 game on the schedule
82fd5a159fa130e67abab93a9537f70b,BetRivers,Dallas Cowboys,Green Bay Packers,h2h,2026-10-19 00:20:00,not a Week 5 game on the schedule
82fd5a159fa130e67abab93a9537f70b,BetRivers,Dallas Cowboys,Green Bay Packers,h2h,2026-10-19 00:20:00,not a Week 5 game on the schedule
82fd5a159fa130e67abab93a9537f70b,BetRivers,Dallas Cowboys,Green Bay Packers,spreads,2026-10-19 00:20:00,not a Week 5 game on the schedule
82fd5a159fa130e67abab93a9537f70b,BetRivers,Dallas Cowboys,Green Bay Packers,spreads,2026-10-19 00:20:00,not a Week 5 game on the schedule
82fd5a159fa130e67abab93a9537f70b,BetRivers,Dallas Cowboys,Green Bay Packers,totals,2026-10-19 00:20:00,not a Week 5 game on the schedule
82fd5a159fa130e67abab93a9537f70b,BetRivers,Dallas Cowboys,Green Bay Packers,totals,2026-10-19 00:20:00,not a Week 5 game on the schedule
82fd5a159fa130e67abab93a9537f70b,betPARX,Dallas Cowboys,Green Bay Packers,h2h,2026-10-19 00:20:00,not a Week 5 game on the schedule
82fd5a159fa130e67abab93a9537f70b,betPARX,Dallas Cowboys,Green Bay Packers,h2h,2026-10-19 00:20:00,not a Week 5 game on the schedule
82fd5a159fa130e67abab93a9537f70b,betPARX,Dallas Cowboys,Green Bay Packers,spreads,2026-10-19 00:20:00,not a Week 5 game on the schedule
82fd5a159fa130e67abab93a9537f70b,betPARX,Dallas Cowboys,Green Bay Packers,spreads,2026-10-19 00:20:00,not a Week 5 game on the schedule
82fd5a159fa130e67abab93a9537f70b,betPARX,Dallas Cowboys,Green Bay Packers,totals,2026-10-19 00:20:00,not a Week 5 game on the schedule
82fd5a159fa130e67abab93a9537f70b,betPARX,Dallas Cowboys,Green Bay Packers,totals,2026-10-19 00:20:00,not a Week 5 game on the schedule
82fd5a159fa130e67abab93a9537f70b,Bally Bet,Dallas Cowboys,Green Bay Packers,h2h,2026-10-19 00:20:00,not a Week 5 game on the schedule
82fd5a159fa130e67abab93a9537f70b,Bally Bet,Dallas Cowboys,Green Bay Packers,h2h,2026-10-19 00:20:00,not a Week 5 game on the schedule
82fd5a159fa130e67abab93a9537f70b,Bally Bet,Dallas Cowboys,Green Bay Packers,spreads,2026-10-19 00:20:00,not a Week 5 game on the schedule
82fd5a159fa130e67abab93a9537f70b,Bally Bet,Dallas Cowboys,Green Bay Packers,spreads,2026-10-19 00:20:00,not a Week 5 game on the schedule
82fd5a159fa130e67abab93a9537f70b,Bally Bet,Dallas Cowboys,Green Bay Packers,totals,2026-10-19 00:20:00,not a Week 5 game on the schedule
82fd5a159fa130e67abab93a9537f70b,Bally Bet,Dallas Cowboys,Green Bay Packers,totals,2026-10-19 00:20:00,not a Week 5 game on the schedule
82fd5a159fa130e67abab93a9537f70b,MyBookie.ag,Dallas Cowboys,Green Bay Packers,h2h,2026-10-19 00:20:00,not a Week 5 game on the schedule
82fd5a159fa130e67abab93a9537f70b,MyBookie.ag,Dallas Cowboys,Green Bay Packers,h2h,2026-10-19 00:20:00,not a Week 5 game on the schedule
82fd5a159fa130e67abab93a9537f70b,MyBookie.ag,Dallas Cowboys,Green Bay Packers,spreads,2026-10-19 00:20:00,not a Week 5 game on the schedule
82fd5a159fa130e67abab93a9537f70b,MyBookie.ag,Dallas Cowboys,Green Bay Packers,spreads,2026-10-19 00:20:00,not a Week 5 game on the schedule
82fd5a159fa130e67abab93a9537f70b,MyBookie.ag,Dallas Cowboys,Green Bay Packers,totals,2026-10-19 00:20:00,not a Week 5 game on the schedule
82fd5a159fa130e67abab93a9537f70b,MyBookie.ag,Dallas Cowboys,Green Bay Packers,totals,2026-10-19 00:20:00,not a Week 5 game on the schedule
f122527f003276d3bca19efa48c902c1,DraftKings,Washington Commanders,San Francisco 49ers,h2h,2026-10-20 00:15:00,not a Week 5 game on the schedule
f122527f003276d3bca19efa48c902c1,DraftKings,Washington Commanders,San Francisco 49ers,h2h,2026-10-20 00:15:00,not a Week 5 game on the schedule
f122527f003276d3bca19efa48c902c1,DraftKings,Washington Commanders,San Francisco 49ers,spreads,2026-10-20 00:15:00,not a Week 5 game on the schedule
f122527f003276d3bca19efa48c902c1,DraftKings,Washington Commanders,San Francisco 49ers,spreads,2026-10-20 00:15:00,not a Week 5 game on the schedule
f122527f003276d3bca19efa48c902c1,DraftKings,Washington Commanders,San Francisco 49ers,totals,2026-10-20 00:15:00,not a Week 5 game on the schedule
f122527f003276d3bca19efa48c902c1,DraftKings,Washington Commanders,San Francisco 49ers,totals,2026-10-20 00:15:00,not a Week 5 game on the schedule
f122527f003276d3bca19efa48c902c1,BetUS,Washington Commanders,San Francisco 49ers,spreads,2026-10-20 00:15:00,not a Week 5 game on the schedule
f122527f003276d3bca19efa48c902c1,BetUS,Washington Commanders,San Francisco 49ers,spreads,2026-10-20 00:15:00,not a Week 5 game on the schedule
f122527f003276d3bca19efa48c902c1,BetUS,Washington Commanders,San Francisco 49ers,totals,2026-10-20 00:15:00,not a Week 5 game on the schedule
f122527f003276d3bca19efa48c902c1,BetUS,Washington Commanders,San Francisco 49ers,totals,2026-10-20 00:15:00,not a Week 5 game on the schedule
f122527f003276d3bca19efa48c902c1,FanDuel,Washington Commanders,San Francisco 49ers,h2h,2026-10-20 00:15:00,not a Week 5 game on the schedule
f122527f003276d3bca19efa48c902c1,FanDuel,Washington Commanders,San Francisco 49ers,h2h,2026-10-20 00:15:00,not a Week 5 game on the schedule
f122527f003276d3bca19efa48c902c1,FanDuel,Washington Commanders,San Francisco 49ers,spreads,2026-10-20 00:15:00,not a Week 5 game on the schedule
f122527f003276d3bca19efa48c902c1,FanDuel,Washington Commanders,San Francisco 49ers,spreads,2026-10-20 00:15:00,not a Week 5 game on the schedule
f122527f003276d3bca19efa48c902c1,FanDuel,Washington Commanders,San Francisco 49ers,totals,2026-10-20 00:15:00,not a Week 5 game on the schedule
f122527f003276d3bca19efa48c902c1,FanDuel,Washington Commanders,San Francisco 49ers,totals,2026-10-20 00:15:00,not a Week 5 game on the schedule
f122527f003276d3bca19efa48c902c1,LowVig.ag,Washington Commanders,San Francisco 49ers,spreads,2026-10-20 00:15:00,not a Week 5 game on the schedule
f122527f003276d3bca19efa48c902c1,LowVig.ag,Washington Commanders,San Francisco 49ers,spreads,2026-10-20 00:15:00,not a Week 5 game on the schedule
f122527f003276d3bca19efa48c902c1,LowVig.ag,Washington Commanders,San Francisco 49ers,totals,2026-10-20 00:15:00,not a Week 5 game on the schedule
f122527f003276d3bca19efa48c902c1,LowVig.ag,Washington Commanders,San Francisco 49ers,totals,2026-10-20 00:15:00,not a Week 5 game on the schedule
f122527f003276d3bca19efa48c902c1,BetOnline.ag,Washington Commanders,San Francisco 49ers,spreads,2026-10-20 00:15:00,not a Week 5 game on the schedule
f122527f003276d3bca19efa48c902c1,BetOnline.ag,Washington Commanders,San Francisco 49ers,spreads,2026-10-20 00:15:00,not a Week 5 game on the schedule
f122527f003276d3bca19efa48c902c1,BetOnline.ag,Washington Commanders,San Francisco 49ers,totals,2026-10-20 00:15:00,not a Week 5 game on the schedule
f122527f003276d3bca19efa48c902c1,BetOnline.ag,Washington Commanders,San Francisco 49ers,totals,2026-10-20 00:15:00,not a Week 5 game on the schedule
f122527f003276d3bca19efa48c902c1,Bally Bet,Washington Commanders,San Francisco 49ers,h2h,2026-10-20 00:15:00,not a Week 5 game on the schedule
f122527f003276d3bca19efa48c902c1,Bally Bet,Washington Commanders,San Francisco 49ers,h2h,2026-10-20 00:15:00,not a Week 5 game on the schedule
f122527f003276d3bca19efa48c902c1,Bally Bet,Washington Commanders,San Francisco 49ers,spreads,2026-10-20 00:15:00,not a Week 5 game on the schedule
f122527f003276d3bca19efa48c902c1,Bally Bet,Washington Commanders,San Francisco 49ers,spreads,2026-10-20 00:15:00,not a Week 5 game on the schedule
f122527f003276d3bca19efa48c902c1,Bally Bet,Washington Commanders,San Francisco 49ers,totals,2026-10-20 00:15:00,not a Week 5 game on the schedule
f122527f003276d3bca19efa48c902c1,Bally Bet,Washington Commanders,San Francisco 49ers,totals,2026-10-20 00:15:00,not a Week 5 game on the schedule
f122527f003276d3bca19efa48c902c1,BetRivers,Washington Commanders,San Francisco 49ers,h2h,2026-10-20 00:15:00,not a Week 5 game on the schedule
f122527f003276d3bca19efa48c902c1,BetRivers,Washington Commanders,San Francisco 49ers,h2h,2026-10-20 00:15:00,not a Week 5 game on the schedule
f122527f003276d3bca19efa48c902c1,BetRivers,Washington Commanders,San Francisco 49ers,spreads,2026-10-20 00:15:00,not a Week 5 game on the schedule
f122527f003276d3bca19efa48c902c1,BetRivers,Washington Commanders,San Francisco 49ers,spreads,2026-10-20 00:15:00,not a Week 5 game on the schedule
f122527f003276d3bca19efa48c902c1,BetRivers,Washington Commanders,San Francisco 49ers,totals,2026-10-20 00:15:00,not a Week 5 game on the schedule
f122527f003276d3bca19efa48c902c1,BetRivers,Washington Commanders,San Francisco 49ers,totals,2026-10-20 00:15:00,not a Week 5 game on the schedule
f122527f003276d3bca19efa48c902c1,betPARX,Washington Commanders,San Francisco 49ers,h2h,2026-10-20 00:15:00,not a Week 5 game on the schedule
f122527f003276d3bca19efa48c902c1,betPARX,Washington Commanders,San Francisco 49ers,h2h,2026-10-20 00:15:00,not a Week 5 game on the schedule
f122527f003276d3bca19efa48c902c1,betPARX,Washington Commanders,San Francisco 49ers,spreads,2026-10-20 00:15:00,not a Week 5 game on the schedule
f122527f003276d3bca19efa48c902c1,betPARX,Washington Commanders,San Francisco 49ers,spreads,2026-10-20 00:15:00,not a Week 5 game on the schedule
f122527f003276d3bca19efa48c902c1,betPARX,Washington Commanders,San Francisco 49ers,totals,2026-10-20 00:15:00,not a Week 5 game on the schedule
f122527f003276d3bca19efa48c902c1,betPARX,Washington Commanders,San Francisco 49ers,totals,2026-10-20 00:15:00,not a Week 5 game on the schedule
f122527f003276d3bca19efa48c902c1,MyBookie.ag,Washington Commanders,San Francisco 49ers,h2h,2026-10-20 00:15:00,not a Week 5 game on the schedule
f122527f003276d3bca19efa48c902c1,MyBookie.ag,Washington Commanders,San Francisco 49ers,h2h,2026-10-20 00:15:00,not a Week 5 game on the schedule
f122527f003276d3bca19efa48c902c1,MyBookie.ag,Washington Commanders,San Francisco 49ers,spreads,2026-10-20 00:15:00,not a Week 5 game on the schedule
f122527f003276d3bca19efa48c902c1,MyBookie.ag,Washington Commanders,San Francisco 49ers,spreads,2026-10-20 00:15:00,not a Week 5 game on the schedule
f122527f003276d3bca19efa48c902c1,MyBookie.ag,Washington Commanders,San Francisco 49ers,totals,2026-10-20 00:15:00,not a Week 5 game on the schedule
f122527f003276d3bca19efa48c902c1,MyBookie.ag,Washington Commanders,San Francisco 49ers,totals,2026-10-20 00:15:00,not a Week 5 game on the schedule
