game,team,opp,plays,pass_att,rush_att,pass_rate,sacks_taken,pass_yds,rush_yds,off_td,pass_td,rush_td,fg,ints,p_start_qb,exp_ypa,exp_ypc,inj_ol,inj_cb_opp,inj_pr_opp
PIT@CLE,PIT,CLE,62.606,36.34,23.099,0.631,3.166,251.606,110.06,2.09,1.767,0.323,1.73,0.926,1.0,6.681,4.482,0.0,0.033,0.0
PIT@CLE,CLE,PIT,59.321,30.134,25.907,0.563,3.279,235.652,107.155,1.671,1.147,0.524,1.821,0.658,1.0,7.657,3.869,1.435,0.986,0.321
IND@WAS,IND,WAS,60.695,31.552,27.371,0.549,1.772,221.676,113.153,2.63,1.69,0.94,2.101,0.756,1.0,7.388,3.849,0.0,0.033,0.045
IND@WAS,WAS,IND,63.167,32.501,28.889,0.542,1.777,229.205,134.968,2.171,1.526,0.644,1.675,0.437,0.0,6.94,4.387,0.77,0.033,0.024
TEN@BAL,TEN,BAL,59.81,34.36,23.471,0.607,1.979,221.067,105.132,1.508,0.885,0.623,1.389,0.568,1.0,6.305,4.195,0.0,0.033,0.024
TEN@BAL,BAL,TEN,61.627,26.603,32.853,0.467,2.171,207.405,148.912,3.03,1.492,1.538,1.674,0.534,0.98,8.067,4.246,1.801,0.0,0.024
NE@BUF,NE,BUF,62.185,31.564,27.598,0.556,3.022,240.222,116.762,2.192,1.474,0.717,1.694,0.97,0.98,7.518,3.945,0.242,0.381,0.72
NE@BUF,BUF,NE,60.784,28.8,29.585,0.514,2.399,230.45,149.758,3.268,1.719,1.549,1.525,0.618,1.0,7.855,4.759,0.035,0.946,0.7
NYJ@CHI,NYJ,CHI,60.547,31.878,25.779,0.574,2.889,252.541,110.687,2.017,1.229,0.787,1.671,0.515,1.0,7.843,4.019,0.7,0.7,0.724
NYJ@CHI,CHI,NYJ,61.676,29.046,30.196,0.511,2.435,195.328,151.583,2.576,1.383,1.193,1.528,0.479,0.0,6.623,4.744,0.77,0.0,0.165
JAX@CIN,JAX,CIN,60.875,30.158,28.783,0.526,1.934,230.678,134.358,2.73,1.839,0.89,1.523,0.593,1.0,7.521,4.371,0.035,0.04,0.255
JAX@CIN,CIN,JAX,59.848,33.106,24.247,0.595,2.495,264.419,100.763,2.852,2.073,0.779,2.101,0.709,1.0,7.905,3.864,0.239,0.525,0.189
DAL@HOU,DAL,HOU,60.817,34.727,24.208,0.602,1.882,266.189,100.979,2.349,1.623,0.726,1.816,0.569,1.0,7.535,3.891,0.0,0.0,0.429
DAL@HOU,HOU,DAL,63.432,36.918,24.371,0.616,2.143,263.967,111.759,2.925,1.815,1.11,1.543,0.407,1.0,7.041,4.312,0.274,0.733,0.0
ARI@NYG,ARI,NYG,61.579,35.236,25.218,0.591,1.124,221.46,110.071,2.393,1.667,0.727,1.983,0.654,1.0,6.196,4.071,0.07,0.066,0.0
ARI@NYG,NYG,ARI,60.078,29.499,28.497,0.526,2.082,218.893,127.862,2.105,1.464,0.642,1.816,0.53,1.0,7.335,4.196,0.146,0.0,0.048
LA@PHI,LA,PHI,62.702,34.906,26.328,0.581,1.468,268.627,125.76,2.51,1.731,0.779,1.538,0.746,1.0,7.355,4.492,0.118,0.033,0.095
LA@PHI,PHI,LA,60.199,32.125,26.012,0.568,2.062,200.674,115.026,2.144,1.522,0.621,1.247,0.957,1.0,6.369,4.15,0.7,0.733,0.724
GB@TB,GB,TB,60.366,37.687,19.846,0.671,2.833,264.584,71.315,2.13,1.662,0.468,1.681,0.722,1.0,6.927,3.317,1.642,0.979,0.255
GB@TB,TB,GB,62.151,34.26,23.963,0.614,3.928,237.261,106.734,1.454,0.856,0.599,2.248,0.958,0.0,6.844,4.185,0.0,0.0,1.421
MIA@MIN,MIA,MIN,61.891,31.931,26.174,0.577,3.786,236.816,104.736,1.19,0.764,0.426,1.675,0.782,1.0,7.257,3.739,0.035,0.7,0.0
MIA@MIN,MIN,MIA,58.87,27.628,29.686,0.495,1.555,205.88,115.632,2.507,1.624,0.882,1.965,0.706,1.0,7.635,3.629,0.118,0.733,0.024
KC@LV,KC,LV,62.126,30.741,29.313,0.528,2.072,234.942,144.716,2.829,1.926,0.904,1.834,0.787,0.98,7.53,4.663,0.7,0.033,0.024
KC@LV,LV,KC,61.359,31.476,28.318,0.538,1.565,208.598,107.641,2.175,1.572,0.603,1.817,0.86,1.0,6.551,3.518,0.7,0.099,0.071
LAC@SEA,LAC,SEA,60.536,31.335,26.307,0.566,2.894,196.492,106.311,1.808,1.251,0.557,1.39,1.066,1.0,6.191,3.746,0.7,0.0,0.071
LAC@SEA,SEA,LAC,61.862,32.043,28.321,0.542,1.498,278.234,114.372,2.76,1.953,0.808,1.546,0.764,1.0,8.358,3.75,0.035,0.209,0.771
DEN@SF,DEN,SF,60.834,34.111,25.048,0.588,1.675,229.83,100.571,2.537,1.671,0.866,1.388,0.756,1.0,6.629,3.749,0.0,0.0,2.287
DEN@SF,SF,DEN,61.359,31.076,29.323,0.523,0.961,250.468,157.768,2.963,1.952,1.012,1.386,0.686,1.0,8.019,5.079,0.035,0.0,0.048
DET@CAR,DET,CAR,63.584,33.925,27.338,0.57,2.321,231.935,142.962,3.224,1.948,1.276,1.4,0.544,1.0,6.753,4.951,0.7,0.0,0.331
DET@CAR,CAR,DET,64.6,38.075,23.48,0.637,3.045,299.74,107.199,2.473,1.773,0.7,1.956,0.713,0.98,7.746,4.263,0.939,0.246,0.024
ATL@NO,ATL,NO,62.423,28.45,31.695,0.492,2.278,197.652,166.039,2.437,1.429,1.008,1.683,0.912,1.0,6.847,4.963,0.153,0.073,0.113
ATL@NO,NO,ATL,64.329,37.396,24.785,0.615,2.149,259.519,95.2,2.726,2.097,0.629,1.528,0.699,1.0,6.649,3.562,0.0,0.0,0.231
