lineup,salary,remaining,mean,p25,p50,p75,p90,p95,players,stack
1,50000,0,157.62,138.07,156.07,176.0,194.68,205.91,QB Malik Willis (MIA) $4900 | RB Kenneth Walker III (KC) $8200 | RB Christian McCaffrey (SF) $7700 | WR Jaxon Smith-Njigba (SEA) $9100 | WR Garrett Wilson (NYJ) $6800 | WR Malik Washington (MIA) $4400 | TE T.J. Hockenson (MIN) $3300 | TE Greg Dulcich (MIA) $3200 | DST Jets (NYJ) $2400,QB+Dulcich/Washington
2,49900,100,156.64,136.92,155.15,175.26,194.0,205.35,QB Sam Darnold (SEA) $5500 | RB Christian McCaffrey (SF) $7700 | RB James Cook III (BUF) $7400 | WR Jaxon Smith-Njigba (SEA) $9100 | WR Garrett Wilson (NYJ) $6800 | WR Dontayvion Wicks (PHI) $4300 | TE Cade Otton (TB) $3400 | TE T.J. Hockenson (MIN) $3300 | DST Raiders (LV) $2400,QB+Smith-Njigba
3,49800,200,156.49,137.61,155.15,174.14,192.8,203.02,QB Malik Willis (MIA) $4900 | RB Christian McCaffrey (SF) $7700 | RB Chase Brown (CIN) $6100 | WR Jaxon Smith-Njigba (SEA) $9100 | WR Garrett Wilson (NYJ) $6800 | WR Malik Washington (MIA) $4400 | TE George Kittle (SF) $5100 | TE T.J. Hockenson (MIN) $3300 | DST Raiders (LV) $2400,QB+Washington
4,50000,0,155.55,137.36,154.99,172.98,188.99,199.02,QB Malik Willis (MIA) $4900 | RB Kenneth Walker III (KC) $8200 | RB Christian McCaffrey (SF) $7700 | RB Aaron Jones Sr. (MIN) $6000 | WR Garrett Wilson (NYJ) $6800 | WR Malik Washington (MIA) $4400 | WR Dontayvion Wicks (PHI) $4300 | TE George Kittle (SF) $5100 | DST Jaguars (JAX) $2600,QB+Washington
5,50000,0,152.97,134.14,151.9,170.67,188.43,199.51,QB Jordan Love (GB) $5800 | RB Christian McCaffrey (SF) $7700 | RB Bucky Irving (TB) $6000 | WR Jaxon Smith-Njigba (SEA) $9100 | WR Garrett Wilson (NYJ) $6800 | WR Malik Washington (MIA) $4400 | TE Tucker Kraft (GB) $4400 | TE Greg Dulcich (MIA) $3200 | DST Rams (LA) $2600,QB+Kraft
6,49900,100,150.46,131.5,148.66,167.19,185.8,197.11,QB Malik Willis (MIA) $4900 | RB Derrick Henry (BAL) $8400 | RB Chase Brown (CIN) $6100 | RB Aaron Jones Sr. (MIN) $6000 | WR Jaxon Smith-Njigba (SEA) $9100 | WR Malik Washington (MIA) $4400 | WR Dontayvion Wicks (PHI) $4300 | TE Greg Dulcich (MIA) $3200 | DST Seahawks (SEA) $3500,QB+Dulcich/Washington
7,49900,100,149.36,129.91,148.16,167.39,185.3,197.01,QB Sam Darnold (SEA) $5500 | RB Chase Brown (CIN) $6100 | RB Aaron Jones Sr. (MIN) $6000 | WR Jaxon Smith-Njigba (SEA) $9100 | WR Puka Nacua (LA) $7500 | WR Dontayvion Wicks (PHI) $4300 | TE George Kittle (SF) $5100 | TE T.J. Hockenson (MIN) $3300 | DST Bears (CHI) $3000,QB+Smith-Njigba
8,50000,0,148.85,129.59,147.39,166.76,184.42,195.17,QB Jordan Love (GB) $5800 | RB Aaron Jones Sr. (MIN) $6000 | RB Bucky Irving (TB) $6000 | WR Jaxon Smith-Njigba (SEA) $9100 | WR Christian Watson (GB) $6700 | WR Jordan Addison (MIN) $5300 | WR Malik Washington (MIA) $4400 | TE Greg Dulcich (MIA) $3200 | DST Seahawks (SEA) $3500,QB+Watson
9,49900,100,147.99,130.25,147.11,164.56,182.01,191.94,QB Malik Willis (MIA) $4900 | RB Kenneth Walker III (KC) $8200 | RB James Cook III (BUF) $7400 | WR Garrett Wilson (NYJ) $6800 | WR Christian Watson (GB) $6700 | WR Jordan Addison (MIN) $5300 | TE Isaiah Likely (NYG) $4500 | TE Greg Dulcich (MIA) $3200 | DST 49ers (SF) $2900,QB+Dulcich
10,49500,500,146.05,127.66,145.13,163.84,180.77,190.71,QB Sam Darnold (SEA) $5500 | RB Christian McCaffrey (SF) $7700 | RB Aaron Jones Sr. (MIN) $6000 | WR Puka Nacua (LA) $7500 | WR Christian Watson (GB) $6700 | WR Jordan Addison (MIN) $5300 | WR Dontayvion Wicks (PHI) $4300 | TE AJ Barner (SEA) $3000 | DST Seahawks (SEA) $3500,QB+Barner
11,49900,100,145.87,127.17,145.29,163.27,180.55,190.76,QB Jalen Hurts (PHI) $6600 | RB Christian McCaffrey (SF) $7700 | RB Aaron Jones Sr. (MIN) $6000 | WR Puka Nacua (LA) $7500 | WR Garrett Wilson (NYJ) $6800 | WR Dontayvion Wicks (PHI) $4300 | TE Tucker Kraft (GB) $4400 | TE Mark Andrews (BAL) $4200 | DST Raiders (LV) $2400,QB+Wicks
12,50000,0,145.86,127.64,144.9,162.59,179.94,191.01,QB Jalon Daniels (TB) $4400 | RB Derrick Henry (BAL) $8400 | RB Christian McCaffrey (SF) $7700 | WR Puka Nacua (LA) $7500 | WR Garrett Wilson (NYJ) $6800 | WR Tee Higgins (CIN) $6100 | TE Cade Otton (TB) $3400 | TE Greg Dulcich (MIA) $3200 | DST Cardinals (ARI) $2500,QB+Otton
13,50000,0,142.86,125.16,141.79,158.77,176.6,187.29,QB Sam Darnold (SEA) $5500 | RB James Cook III (BUF) $7400 | RB Aaron Jones Sr. (MIN) $6000 | WR Puka Nacua (LA) $7500 | WR Christian Watson (GB) $6700 | WR Jordan Addison (MIN) $5300 | TE George Kittle (SF) $5100 | TE AJ Barner (SEA) $3000 | DST Seahawks (SEA) $3500,QB+Barner
14,49900,100,140.28,123.05,138.58,155.99,172.85,182.75,QB Malik Willis (MIA) $4900 | RB Kenneth Walker III (KC) $8200 | RB James Cook III (BUF) $7400 | RB Chase Brown (CIN) $6100 | WR Christian Watson (GB) $6700 | WR Matthew Golden (GB) $5400 | WR Malik Washington (MIA) $4400 | TE Mark Andrews (BAL) $4200 | DST Rams (LA) $2600,QB+Washington
15,49600,400,140.03,122.47,138.51,155.6,173.62,184.1,QB Jalon Daniels (TB) $4400 | RB Derrick Henry (BAL) $8400 | RB Kenneth Walker III (KC) $8200 | WR Christian Watson (GB) $6700 | WR Emeka Egbuka (TB) $5900 | WR Jordan Addison (MIN) $5300 | WR Malik Washington (MIA) $4400 | TE T.J. Hockenson (MIN) $3300 | DST Bears (CHI) $3000,QB+Egbuka
16,50000,0,137.02,118.7,135.42,153.74,172.62,182.83,QB Jordan Love (GB) $5800 | RB James Cook III (BUF) $7400 | RB Bucky Irving (TB) $6000 | RB Braelon Allen (NYJ) $5200 | WR Puka Nacua (LA) $7500 | WR Christian Watson (GB) $6700 | WR Dontayvion Wicks (PHI) $4300 | TE Isaiah Likely (NYG) $4500 | DST Jaguars (JAX) $2600,QB+Watson
17,50000,0,136.93,118.53,135.51,153.72,170.89,183.41,QB Sam Darnold (SEA) $5500 | RB D'Andre Swift (CHI) $6400 | RB Aaron Jones Sr. (MIN) $6000 | WR Jaxon Smith-Njigba (SEA) $9100 | WR George Pickens (DAL) $6300 | WR DJ Moore (BUF) $5700 | TE Mark Andrews (BAL) $4200 | TE T.J. Hockenson (MIN) $3300 | DST Seahawks (SEA) $3500,QB+Smith-Njigba
18,50000,0,134.49,116.29,133.07,150.77,167.67,178.28,QB Kyler Murray (MIN) $5300 | RB Derrick Henry (BAL) $8400 | RB James Cook III (BUF) $7400 | RB Chase Brown (CIN) $6100 | WR Ja'Marr Chase (CIN) $8100 | WR Jordan Addison (MIN) $5300 | WR Mack Hollins (NE) $4000 | TE Greg Dulcich (MIA) $3200 | DST Chargers (LAC) $2200,QB+Addison
19,49800,200,131.51,114.78,130.32,147.02,162.76,172.38,QB Jameis Winston (NYG) $4500 | RB Kenneth Walker III (KC) $8200 | RB Kyren Williams (LA) $5900 | WR Nico Collins (HOU) $7200 | WR Christian Watson (GB) $6700 | WR Michael Wilson (ARI) $5500 | TE Isaiah Likely (NYG) $4500 | TE T.J. Hockenson (MIN) $3300 | DST Vikings (MIN) $4000,QB+Likely
20,49900,100,130.61,111.89,129.17,147.78,165.7,176.25,QB Kyler Murray (MIN) $5300 | RB Derrick Henry (BAL) $8400 | RB D'Andre Swift (CHI) $6400 | WR Puka Nacua (LA) $7500 | WR Zay Flowers (BAL) $6900 | WR Dontayvion Wicks (PHI) $4300 | TE Isaiah Likely (NYG) $4500 | TE T.J. Hockenson (MIN) $3300 | DST Bills (BUF) $3300,QB+Hockenson
