team,player,pos,injury,practice,game_status,p_active,tgt_share_at_risk,carry_share_at_risk,matched_to_stats,rule
ARI,James Conner,RB,Reserve (IR/PUP/NFI),None,Out,0.0,,,False,"shares renormalized across active teammates + OTHER bucket per sim; Out=0; QB inactive -> backup proxy (ypa x0.92, int x1.15)"
ARI,Tip Reiman,TE,Reserve (IR/PUP/NFI),None,Out,0.0,,,False,"shares renormalized across active teammates + OTHER bucket per sim; Out=0; QB inactive -> backup proxy (ypa x0.92, int x1.15)"
ARI,Trey Benson,RB,Reserve (IR/PUP/NFI),None,Out,0.0,,,False,"shares renormalized across active teammates + OTHER bucket per sim; Out=0; QB inactive -> backup proxy (ypa x0.92, int x1.15)"
ARI,Jameson Geers,TE,Reserve (IR/PUP/NFI),None,Out,0.0,,,False,"shares renormalized across active teammates + OTHER bucket per sim; Out=0; QB inactive -> backup proxy (ypa x0.92, int x1.15)"
ARI,Reggie Virgil,WR,Manual override (ESPN game summary injuries (Out)),None,Out,0.0,,,False,"shares renormalized across active teammates + OTHER bucket per sim; Out=0; QB inactive -> backup proxy (ypa x0.92, int x1.15)"
ATL,Trey Sermon,RB,Reserve (IR/PUP/NFI),None,Out,0.0,,,False,"shares renormalized across active teammates + OTHER bucket per sim; Out=0; QB inactive -> backup proxy (ypa x0.92, int x1.15)"
ATL,Beaux Collins,WR,Reserve (IR/PUP/NFI),None,Out,0.0,,,False,"shares renormalized across active teammates + OTHER bucket per sim; Out=0; QB inactive -> backup proxy (ypa x0.92, int x1.15)"
BAL,Chris Moore,WR,Manual override (ESPN game summary injuries (Out)),LP,Out,0.0,0.071,0.004,True,"shares renormalized across active teammates + OTHER bucket per sim; Out=0; QB inactive -> backup proxy (ypa x0.92, int x1.15)"
BAL,Mark Andrews,TE,Hand,FP,,0.948,0.198,0.004,True,"shares renormalized across active teammates + OTHER bucket per sim; Out=0; QB inactive -> backup proxy (ypa x0.92, int x1.15)"
BAL,Lamar Jackson,QB,Back,FP,,0.98,0.001,0.157,True,"shares renormalized across active teammates + OTHER bucket per sim; Out=0; QB inactive -> backup proxy (ypa x0.92, int x1.15)"
BAL,Durham Smythe,TE,Heel,FP,,0.948,0.016,0.004,True,"shares renormalized across active teammates + OTHER bucket per sim; Out=0; QB inactive -> backup proxy (ypa x0.92, int x1.15)"
BAL,Zay Flowers,WR,Hamstring,LP,Questionable,0.667,0.249,0.009,True,"shares renormalized across active teammates + OTHER bucket per sim; Out=0; QB inactive -> backup proxy (ypa x0.92, int x1.15)"
BAL,Skylar Thompson,QB,Reserve (IR/PUP/NFI),None,Out,0.0,,,False,"shares renormalized across active teammates + OTHER bucket per sim; Out=0; QB inactive -> backup proxy (ypa x0.92, int x1.15)"
BAL,Shedrick Jackson,WR,Released,None,Out,0.0,,,False,"shares renormalized across active teammates + OTHER bucket per sim; Out=0; QB inactive -> backup proxy (ypa x0.92, int x1.15)"
BAL,Ja'Kobi Lane,WR,Reserve (IR/PUP/NFI),None,Out,0.0,0.115,0.006,True,"shares renormalized across active teammates + OTHER bucket per sim; Out=0; QB inactive -> backup proxy (ypa x0.92, int x1.15)"
BAL,Adam Randall,RB,Reserve (IR/PUP/NFI),None,Out,0.0,,,False,"shares renormalized across active teammates + OTHER bucket per sim; Out=0; QB inactive -> backup proxy (ypa x0.92, int x1.15)"
BAL,Joe Fagnano,QB,Manual override (ESPN game summary injuries (Out)),None,Out,0.0,,,False,"shares renormalized across active teammates + OTHER bucket per sim; Out=0; QB inactive -> backup proxy (ypa x0.92, int x1.15)"
BUF,DJ Moore,WR,Shoulder,LP,,0.958,0.185,0.008,True,"shares renormalized across active teammates + OTHER bucket per sim; Out=0; QB inactive -> backup proxy (ypa x0.92, int x1.15)"
BUF,Ray Davis,RB,Hamstring,LP,Questionable,0.647,0.011,0.054,True,"shares renormalized across active teammates + OTHER bucket per sim; Out=0; QB inactive -> backup proxy (ypa x0.92, int x1.15)"
BUF,Keon Coleman,WR,Ankle,LP,,0.958,0.113,0.004,True,"shares renormalized across active teammates + OTHER bucket per sim; Out=0; QB inactive -> backup proxy (ypa x0.92, int x1.15)"
BUF,Tyrell Shavers,WR,Reserve (IR/PUP/NFI),None,Out,0.0,,,False,"shares renormalized across active teammates + OTHER bucket per sim; Out=0; QB inactive -> backup proxy (ypa x0.92, int x1.15)"
BUF,Skyler Bell,WR,Manual override (ESPN game summary injuries (Out)),None,Out,0.0,,,False,"shares renormalized across active teammates + OTHER bucket per sim; Out=0; QB inactive -> backup proxy (ypa x0.92, int x1.15)"
CAR,Darren Waller,TE,Not injury related - resting player,FP,,0.948,0.133,0.004,True,"shares renormalized across active teammates + OTHER bucket per sim; Out=0; QB inactive -> backup proxy (ypa x0.92, int x1.15)"
CAR,Chuba Hubbard,RB,Not injury related - resting player,FP,,0.951,0.069,0.48,True,"shares renormalized across active teammates + OTHER bucket per sim; Out=0; QB inactive -> backup proxy (ypa x0.92, int x1.15)"
CAR,Bryce Young,QB,Knee,FP,,0.98,0.001,0.073,True,"shares renormalized across active teammates + OTHER bucket per sim; Out=0; QB inactive -> backup proxy (ypa x0.92, int x1.15)"
CAR,Xavier Legette,WR,Reserve (IR/PUP/NFI),DNP,Out,0.0,0.104,0.004,True,"shares renormalized across active teammates + OTHER bucket per sim; Out=0; QB inactive -> backup proxy (ypa x0.92, int x1.15)"
CAR,Jalen Coker,WR,Quadricep,LP,Questionable,0.667,0.156,0.004,True,"shares renormalized across active teammates + OTHER bucket per sim; Out=0; QB inactive -> backup proxy (ypa x0.92, int x1.15)"
CAR,Will Grier,QB,Retired,None,Out,0.0,,,False,"shares renormalized across active teammates + OTHER bucket per sim; Out=0; QB inactive -> backup proxy (ypa x0.92, int x1.15)"
CAR,Jonathon Brooks,RB,Reserve (IR/PUP/NFI),None,Out,0.0,0.022,0.215,True,"shares renormalized across active teammates + OTHER bucket per sim; Out=0; QB inactive -> backup proxy (ypa x0.92, int x1.15)"
CAR,Trevor Etienne,RB,Reserve (IR/PUP/NFI),None,Out,0.0,,,False,"shares renormalized across active teammates + OTHER bucket per sim; Out=0; QB inactive -> backup proxy (ypa x0.92, int x1.15)"
CAR,Chris Brazzell II,WR,Reserve (IR/PUP/NFI),None,Out,0.0,,,False,"shares renormalized across active teammates + OTHER bucket per sim; Out=0; QB inactive -> backup proxy (ypa x0.92, int x1.15)"
CHI,D'Andre Swift,RB,Knee,FP,,0.951,0.094,0.464,True,"shares renormalized across active teammates + OTHER bucket per sim; Out=0; QB inactive -> backup proxy (ypa x0.92, int x1.15)"
CHI,Caleb Williams,QB,Manual override (ESPN game summary injuries (Out)),DNP,Out,0.0,0.001,0.126,True,"shares renormalized across active teammates + OTHER bucket per sim; Out=0; QB inactive -> backup proxy (ypa x0.92, int x1.15)"
CHI,Nikola Kalinic,TE,Reserve (IR/PUP/NFI),None,Out,0.0,,,False,"shares renormalized across active teammates + OTHER bucket per sim; Out=0; QB inactive -> backup proxy (ypa x0.92, int x1.15)"
CHI,Brittain Brown,RB,Reserve (IR/PUP/NFI),None,Out,0.0,,,False,"shares renormalized across active teammates + OTHER bucket per sim; Out=0; QB inactive -> backup proxy (ypa x0.92, int x1.15)"
CHI,Hayden Large,TE,Reserve (IR/PUP/NFI),None,Out,0.0,,,False,"shares renormalized across active teammates + OTHER bucket per sim; Out=0; QB inactive -> backup proxy (ypa x0.92, int x1.15)"
CHI,Squirrel White,WR,Retired,None,Out,0.0,,,False,"shares renormalized across active teammates + OTHER bucket per sim; Out=0; QB inactive -> backup proxy (ypa x0.92, int x1.15)"
CIN,Colbie Young,WR,Manual override (ESPN game summary injuries (Out)),DNP,Out,0.0,0.017,0.004,True,"shares renormalized across active teammates + OTHER bucket per sim; Out=0; QB inactive -> backup proxy (ypa x0.92, int x1.15)"
CIN,Andrei Iosivas,WR,Reserve (IR/PUP/NFI),None,Out,0.0,0.069,0.005,True,"shares renormalized across active teammates + OTHER bucket per sim; Out=0; QB inactive -> backup proxy (ypa x0.92, int x1.15)"
CLE,Tylan Wallace,WR,Knee,DNP,Out,0.0,0.008,0.004,True,"shares renormalized across active teammates + OTHER bucket per sim; Out=0; QB inactive -> backup proxy (ypa x0.92, int x1.15)"
CLE,Messiah Swinson,TE,Released,None,Out,0.0,,,False,"shares renormalized across active teammates + OTHER bucket per sim; Out=0; QB inactive -> backup proxy (ypa x0.92, int x1.15)"
CLE,Dylan Sampson,RB,Reserve (IR/PUP/NFI),None,Out,0.0,0.044,0.035,True,"shares renormalized across active teammates + OTHER bucket per sim; Out=0; QB inactive -> backup proxy (ypa x0.92, int x1.15)"
CLE,Dillon Gabriel,QB,Reserve (IR/PUP/NFI),None,Out,0.0,,,False,"shares renormalized across active teammates + OTHER bucket per sim; Out=0; QB inactive -> backup proxy (ypa x0.92, int x1.15)"
CLE,Joe Royer,TE,Reserve (IR/PUP/NFI),None,Out,0.0,,,False,"shares renormalized across active teammates + OTHER bucket per sim; Out=0; QB inactive -> backup proxy (ypa x0.92, int x1.15)"
DAL,Parris Campbell,WR,Retired,None,Out,0.0,,,False,"shares renormalized across active teammates + OTHER bucket per sim; Out=0; QB inactive -> backup proxy (ypa x0.92, int x1.15)"
DAL,Malik Davis,RB,Reserve (IR/PUP/NFI),None,Out,0.0,,,False,"shares renormalized across active teammates + OTHER bucket per sim; Out=0; QB inactive -> backup proxy (ypa x0.92, int x1.15)"
DAL,Princeton Fant,TE,Reserve (IR/PUP/NFI),None,Out,0.0,,,False,"shares renormalized across active teammates + OTHER bucket per sim; Out=0; QB inactive -> backup proxy (ypa x0.92, int x1.15)"
DAL,DJ Rogers,TE,Reserve (IR/PUP/NFI),None,Out,0.0,,,False,"shares renormalized across active teammates + OTHER bucket per sim; Out=0; QB inactive -> backup proxy (ypa x0.92, int x1.15)"
DAL,Camden Brown,WR,Manual override (ESPN game summary injuries (Out)),None,Out,0.0,,,False,"shares renormalized across active teammates + OTHER bucket per sim; Out=0; QB inactive -> backup proxy (ypa x0.92, int x1.15)"
DAL,Emari Demercado,RB,Manual override (ESPN game summary injuries (Out)),None,Out,0.0,0.016,0.124,True,"shares renormalized across active teammates + OTHER bucket per sim; Out=0; QB inactive -> backup proxy (ypa x0.92, int x1.15)"
DEN,J.K. Dobbins,RB,Hip,FP,,0.951,0.024,0.476,True,"shares renormalized across active teammates + OTHER bucket per sim; Out=0; QB inactive -> backup proxy (ypa x0.92, int x1.15)"
DEN,Jaylen Waddle,WR,Foot,FP,,0.948,0.187,0.009,True,"shares renormalized across active teammates + OTHER bucket per sim; Out=0; QB inactive -> backup proxy (ypa x0.92, int x1.15)"
DEN,Marvin Mims Jr.,WR,Foot,FP,,0.948,0.051,0.005,True,"shares renormalized across active teammates + OTHER bucket per sim; Out=0; QB inactive -> backup proxy (ypa x0.92, int x1.15)"
DEN,Caleb Lohner,TE,Reserve (IR/PUP/NFI),None,Out,0.0,,,False,"shares renormalized across active teammates + OTHER bucket per sim; Out=0; QB inactive -> backup proxy (ypa x0.92, int x1.15)"
DEN,Jonah Coleman,RB,Reserve (IR/PUP/NFI),None,Out,0.0,0.029,0.153,True,"shares renormalized across active teammates + OTHER bucket per sim; Out=0; QB inactive -> backup proxy (ypa x0.92, int x1.15)"
DET,Teddy Bridgewater,QB,Retired,None,Out,0.0,,,False,"shares renormalized across active teammates + OTHER bucket per sim; Out=0; QB inactive -> backup proxy (ypa x0.92, int x1.15)"
DET,Isiah Pacheco,RB,Reserve (IR/PUP/NFI),None,Out,0.0,,,False,"shares renormalized across active teammates + OTHER bucket per sim; Out=0; QB inactive -> backup proxy (ypa x0.92, int x1.15)"
DET,Kendrick Law,WR,Reserve (IR/PUP/NFI),None,Out,0.0,,,False,"shares renormalized across active teammates + OTHER bucket per sim; Out=0; QB inactive -> backup proxy (ypa x0.92, int x1.15)"
GB,Josh Jacobs,RB,Exempt list,None,Out,0.0,,,False,"shares renormalized across active teammates + OTHER bucket per sim; Out=0; QB inactive -> backup proxy (ypa x0.92, int x1.15)"
GB,Luke Musgrave,TE,Reserve (IR/PUP/NFI),None,Out,0.0,,,False,"shares renormalized across active teammates + OTHER bucket per sim; Out=0; QB inactive -> backup proxy (ypa x0.92, int x1.15)"
GB,Jayden Reed,WR,Reserve (IR/PUP/NFI),None,Out,0.0,0.119,0.005,True,"shares renormalized across active teammates + OTHER bucket per sim; Out=0; QB inactive -> backup proxy (ypa x0.92, int x1.15)"
GB,Thomas Yassmin,TE,Reserve (IR/PUP/NFI),None,Out,0.0,,,False,"shares renormalized across active teammates + OTHER bucket per sim; Out=0; QB inactive -> backup proxy (ypa x0.92, int x1.15)"
GB,Savion Williams,WR,Reserve (IR/PUP/NFI),None,Out,0.0,,,False,"shares renormalized across active teammates + OTHER bucket per sim; Out=0; QB inactive -> backup proxy (ypa x0.92, int x1.15)"
GB,Damon Bankston,RB,Released,None,Out,0.0,,,False,"shares renormalized across active teammates + OTHER bucket per sim; Out=0; QB inactive -> backup proxy (ypa x0.92, int x1.15)"
HOU,Dalton Schultz,TE,Not injury related - resting player,LP,,0.958,0.188,0.004,True,"shares renormalized across active teammates + OTHER bucket per sim; Out=0; QB inactive -> backup proxy (ypa x0.92, int x1.15)"
HOU,Nico Collins,WR,Hamstring,FP,,0.948,0.218,0.013,True,"shares renormalized across active teammates + OTHER bucket per sim; Out=0; QB inactive -> backup proxy (ypa x0.92, int x1.15)"
HOU,British Brooks,RB,Reserve (IR/PUP/NFI),DNP,Out,0.0,0.001,0.012,True,"shares renormalized across active teammates + OTHER bucket per sim; Out=0; QB inactive -> backup proxy (ypa x0.92, int x1.15)"
HOU,Tank Dell,WR,Reserve (IR/PUP/NFI),None,Out,0.0,,,False,"shares renormalized across active teammates + OTHER bucket per sim; Out=0; QB inactive -> backup proxy (ypa x0.92, int x1.15)"
HOU,Bryce Oliver,WR,Released,None,Out,0.0,,,False,"shares renormalized across active teammates + OTHER bucket per sim; Out=0; QB inactive -> backup proxy (ypa x0.92, int x1.15)"
HOU,Jayden Higgins,WR,Reserve (IR/PUP/NFI),None,Out,0.0,,,False,"shares renormalized across active teammates + OTHER bucket per sim; Out=0; QB inactive -> backup proxy (ypa x0.92, int x1.15)"
HOU,Graham Mertz,QB,Reserve (IR/PUP/NFI),None,Out,0.0,,,False,"shares renormalized across active teammates + OTHER bucket per sim; Out=0; QB inactive -> backup proxy (ypa x0.92, int x1.15)"
HOU,Marlin Klein,TE,Manual override (ESPN game summary injuries (Out)),None,Out,0.0,0.01,0.004,True,"shares renormalized across active teammates + OTHER bucket per sim; Out=0; QB inactive -> backup proxy (ypa x0.92, int x1.15)"
IND,Keenan Allen,WR,Not injury related - resting player,DNP,Questionable,0.498,0.187,0.004,True,"shares renormalized across active teammates + OTHER bucket per sim; Out=0; QB inactive -> backup proxy (ypa x0.92, int x1.15)"
IND,Mo Alie-Cox,TE,Illness,FP,,0.948,0.02,0.004,True,"shares renormalized across active teammates + OTHER bucket per sim; Out=0; QB inactive -> backup proxy (ypa x0.92, int x1.15)"
IND,Ashton Dulin,WR,Ankle,FP,Questionable,0.755,0.029,0.006,True,"shares renormalized across active teammates + OTHER bucket per sim; Out=0; QB inactive -> backup proxy (ypa x0.92, int x1.15)"
IND,Jonathan Taylor,RB,Not injury related - resting player,FP,,0.951,0.107,0.723,True,"shares renormalized across active teammates + OTHER bucket per sim; Out=0; QB inactive -> backup proxy (ypa x0.92, int x1.15)"
IND,Spencer Shrader,K,Groin,FP,,0.995,,,False,"shares renormalized across active teammates + OTHER bucket per sim; Out=0; QB inactive -> backup proxy (ypa x0.92, int x1.15)"
IND,D.J. Montgomery,WR,Reserve (IR/PUP/NFI),None,Out,0.0,,,False,"shares renormalized across active teammates + OTHER bucket per sim; Out=0; QB inactive -> backup proxy (ypa x0.92, int x1.15)"
IND,Alec Pierce,WR,Reserve (IR/PUP/NFI),None,Out,0.0,0.146,0.005,True,"shares renormalized across active teammates + OTHER bucket per sim; Out=0; QB inactive -> backup proxy (ypa x0.92, int x1.15)"
IND,Will Mallory,TE,Reserve (IR/PUP/NFI),None,Out,0.0,,,False,"shares renormalized across active teammates + OTHER bucket per sim; Out=0; QB inactive -> backup proxy (ypa x0.92, int x1.15)"
IND,Carson Towt,TE,Reserve (IR/PUP/NFI),None,Out,0.0,,,False,"shares renormalized across active teammates + OTHER bucket per sim; Out=0; QB inactive -> backup proxy (ypa x0.92, int x1.15)"
IND,Darius Slayton,WR,Manual override (ESPN game summary injuries (Out)),None,Out,0.0,,,False,"shares renormalized across active teammates + OTHER bucket per sim; Out=0; QB inactive -> backup proxy (ypa x0.92, int x1.15)"
IND,Riley Leonard,QB,Manual override (ESPN game summary injuries (Out)),None,Out,0.0,,,False,"shares renormalized across active teammates + OTHER bucket per sim; Out=0; QB inactive -> backup proxy (ypa x0.92, int x1.15)"
IND,DJ Giddens,RB,Manual override (ESPN game summary injuries (Out)),None,Out,0.0,,,False,"shares renormalized across active teammates + OTHER bucket per sim; Out=0; QB inactive -> backup proxy (ypa x0.92, int x1.15)"
JAX,Jakobi Meyers,WR,Thumb,FP,,0.948,0.184,0.008,True,"shares renormalized across active teammates + OTHER bucket per sim; Out=0; QB inactive -> backup proxy (ypa x0.92, int x1.15)"
JAX,LeQuint Allen Jr.,RB,Hip,LP,,0.995,0.029,0.014,True,"shares renormalized across active teammates + OTHER bucket per sim; Out=0; QB inactive -> backup proxy (ypa x0.92, int x1.15)"
JAX,Nate Boerkircher,TE,Illness,FP,,0.948,0.023,0.004,True,"shares renormalized across active teammates + OTHER bucket per sim; Out=0; QB inactive -> backup proxy (ypa x0.92, int x1.15)"
JAX,Alex Bullock,WR,Retired,None,Out,0.0,,,False,"shares renormalized across active teammates + OTHER bucket per sim; Out=0; QB inactive -> backup proxy (ypa x0.92, int x1.15)"
JAX,CJ Williams,WR,Manual override (ESPN game summary injuries (Out)),None,Out,0.0,,,False,"shares renormalized across active teammates + OTHER bucket per sim; Out=0; QB inactive -> backup proxy (ypa x0.92, int x1.15)"
KC,Patrick Mahomes,QB,Knee,FP,,0.98,0.001,0.119,True,"shares renormalized across active teammates + OTHER bucket per sim; Out=0; QB inactive -> backup proxy (ypa x0.92, int x1.15)"
KC,Rashee Rice,WR,Knee,FP,,0.948,0.239,0.004,True,"shares renormalized across active teammates + OTHER bucket per sim; Out=0; QB inactive -> backup proxy (ypa x0.92, int x1.15)"
KC,Jimmy Holiday,WR,Reserve (IR/PUP/NFI),None,Out,0.0,,,False,"shares renormalized across active teammates + OTHER bucket per sim; Out=0; QB inactive -> backup proxy (ypa x0.92, int x1.15)"
KC,Jeff Caldwell,WR,Reserve (IR/PUP/NFI),None,Out,0.0,,,False,"shares renormalized across active teammates + OTHER bucket per sim; Out=0; QB inactive -> backup proxy (ypa x0.92, int x1.15)"
KC,John Michael Gyllenborg,TE,Reserve (IR/PUP/NFI),None,Out,0.0,,,False,"shares renormalized across active teammates + OTHER bucket per sim; Out=0; QB inactive -> backup proxy (ypa x0.92, int x1.15)"
LA,Davante Adams,WR,Not injury related - resting player,FP,,0.948,0.205,0.004,True,"shares renormalized across active teammates + OTHER bucket per sim; Out=0; QB inactive -> backup proxy (ypa x0.92, int x1.15)"
LA,Tyler Higbee,TE,Not injury related - resting player,DNP,,0.806,0.091,0.004,True,"shares renormalized across active teammates + OTHER bucket per sim; Out=0; QB inactive -> backup proxy (ypa x0.92, int x1.15)"
LA,Colby Parkinson,TE,Knee,DNP,Questionable,0.498,0.056,0.004,True,"shares renormalized across active teammates + OTHER bucket per sim; Out=0; QB inactive -> backup proxy (ypa x0.92, int x1.15)"
LA,Puka Nacua,WR,Hip,FP,,0.948,0.242,0.006,True,"shares renormalized across active teammates + OTHER bucket per sim; Out=0; QB inactive -> backup proxy (ypa x0.92, int x1.15)"
LA,Terrance Ferguson,TE,Reserve (IR/PUP/NFI),DNP,Out,0.0,0.105,0.004,True,"shares renormalized across active teammates + OTHER bucket per sim; Out=0; QB inactive -> backup proxy (ypa x0.92, int x1.15)"
LA,Ronnie Rivers,RB,Reserve (IR/PUP/NFI),None,Out,0.0,0.013,0.085,True,"shares renormalized across active teammates + OTHER bucket per sim; Out=0; QB inactive -> backup proxy (ypa x0.92, int x1.15)"
LA,Xavier Smith,WR,Released,None,Out,0.0,0.025,0.004,True,"shares renormalized across active teammates + OTHER bucket per sim; Out=0; QB inactive -> backup proxy (ypa x0.92, int x1.15)"
LA,Matthew Caldwell,QB,Reserve (IR/PUP/NFI),None,Out,0.0,,,False,"shares renormalized across active teammates + OTHER bucket per sim; Out=0; QB inactive -> backup proxy (ypa x0.92, int x1.15)"
LAC,Trey Lance,QB,Groin,LP,Questionable,0.349,,,False,"shares renormalized across active teammates + OTHER bucket per sim; Out=0; QB inactive -> backup proxy (ypa x0.92, int x1.15)"
LAC,Charlie Kolar,TE,Forearm,LP,Out,0.0,0.042,0.005,True,"shares renormalized across active teammates + OTHER bucket per sim; Out=0; QB inactive -> backup proxy (ypa x0.92, int x1.15)"
LAC,Keaton Mitchell,RB,Ankle,FP,,0.951,0.034,0.193,True,"shares renormalized across active teammates + OTHER bucket per sim; Out=0; QB inactive -> backup proxy (ypa x0.92, int x1.15)"
LAC,Ladd McConkey,WR,Foot,LP,Questionable,0.667,0.169,0.004,True,"shares renormalized across active teammates + OTHER bucket per sim; Out=0; QB inactive -> backup proxy (ypa x0.92, int x1.15)"
LAC,Brenen Thompson,WR,Quadricep,DNP,Out,0.0,0.04,0.005,True,"shares renormalized across active teammates + OTHER bucket per sim; Out=0; QB inactive -> backup proxy (ypa x0.92, int x1.15)"
LAC,David Njoku,TE,Reserve (IR/PUP/NFI),None,Out,0.0,0.129,0.005,True,"shares renormalized across active teammates + OTHER bucket per sim; Out=0; QB inactive -> backup proxy (ypa x0.92, int x1.15)"
LAC,Scott Matlock,RB,Reserve (IR/PUP/NFI),None,Out,0.0,,,False,"shares renormalized across active teammates + OTHER bucket per sim; Out=0; QB inactive -> backup proxy (ypa x0.92, int x1.15)"
LAC,KeAndre Lambert-Smith,WR,Reserve (IR/PUP/NFI),None,Out,0.0,,,False,"shares renormalized across active teammates + OTHER bucket per sim; Out=0; QB inactive -> backup proxy (ypa x0.92, int x1.15)"
LV,Cody White,WR,Ankle,LP,,0.958,0.045,0.004,True,"shares renormalized across active teammates + OTHER bucket per sim; Out=0; QB inactive -> backup proxy (ypa x0.92, int x1.15)"
LV,Aidan O'Connell,QB,Not injury related - personal matter,DNP,Questionable,0.28,,,False,"shares renormalized across active teammates + OTHER bucket per sim; Out=0; QB inactive -> backup proxy (ypa x0.92, int x1.15)"
LV,Brock Bowers,TE,Knee,LP,,0.958,0.258,0.006,True,"shares renormalized across active teammates + OTHER bucket per sim; Out=0; QB inactive -> backup proxy (ypa x0.92, int x1.15)"
LV,Ashton Jeanty,RB,Ankle,FP,,0.951,0.147,0.614,True,"shares renormalized across active teammates + OTHER bucket per sim; Out=0; QB inactive -> backup proxy (ypa x0.92, int x1.15)"
LV,Malik Benson,WR,Knee,FP,,0.948,0.032,0.008,True,"shares renormalized across active teammates + OTHER bucket per sim; Out=0; QB inactive -> backup proxy (ypa x0.92, int x1.15)"
LV,Justin Shorter,WR,Released,None,Out,0.0,,,False,"shares renormalized across active teammates + OTHER bucket per sim; Out=0; QB inactive -> backup proxy (ypa x0.92, int x1.15)"
LV,Chris Collier,RB,Reserve (IR/PUP/NFI),None,Out,0.0,,,False,"shares renormalized across active teammates + OTHER bucket per sim; Out=0; QB inactive -> backup proxy (ypa x0.92, int x1.15)"
LV,Carter Runyon,TE,Reserve (IR/PUP/NFI),None,Out,0.0,,,False,"shares renormalized across active teammates + OTHER bucket per sim; Out=0; QB inactive -> backup proxy (ypa x0.92, int x1.15)"
LV,Dont'e Thornton Jr.,WR,Reserve (IR/PUP/NFI),None,Out,0.0,,,False,"shares renormalized across active teammates + OTHER bucket per sim; Out=0; QB inactive -> backup proxy (ypa x0.92, int x1.15)"
LV,Jack Bech,WR,Reserve (IR/PUP/NFI),None,Out,0.0,0.062,0.004,True,"shares renormalized across active teammates + OTHER bucket per sim; Out=0; QB inactive -> backup proxy (ypa x0.92, int x1.15)"
LV,Corey Rucker,WR,Reserve (IR/PUP/NFI),None,Out,0.0,,,False,"shares renormalized across active teammates + OTHER bucket per sim; Out=0; QB inactive -> backup proxy (ypa x0.92, int x1.15)"
MIA,Jaylen Wright,RB,Foot,FP,,0.951,0.018,0.1,True,"shares renormalized across active teammates + OTHER bucket per sim; Out=0; QB inactive -> backup proxy (ypa x0.92, int x1.15)"
MIA,Caleb Douglas,WR,Ankle,DNP,Out,0.0,0.187,0.005,True,"shares renormalized across active teammates + OTHER bucket per sim; Out=0; QB inactive -> backup proxy (ypa x0.92, int x1.15)"
MIA,Chris Bell,WR,Knee,FP,,0.948,0.101,0.004,True,"shares renormalized across active teammates + OTHER bucket per sim; Out=0; QB inactive -> backup proxy (ypa x0.92, int x1.15)"
MIA,Seydou Traore,TE,Thumb,FP,,0.948,,,False,"shares renormalized across active teammates + OTHER bucket per sim; Out=0; QB inactive -> backup proxy (ypa x0.92, int x1.15)"
MIA,Cole Turner,TE,Reserve (IR/PUP/NFI),None,Out,0.0,,,False,"shares renormalized across active teammates + OTHER bucket per sim; Out=0; QB inactive -> backup proxy (ypa x0.92, int x1.15)"
MIA,De'Von Achane,RB,Reserve (IR/PUP/NFI),None,Out,0.0,0.164,0.497,True,"shares renormalized across active teammates + OTHER bucket per sim; Out=0; QB inactive -> backup proxy (ypa x0.92, int x1.15)"
MIA,Le'Veon Moss,RB,Retired,None,Out,0.0,,,False,"shares renormalized across active teammates + OTHER bucket per sim; Out=0; QB inactive -> backup proxy (ypa x0.92, int x1.15)"
MIN,Aaron Jones,RB,Not injury related - resting player,LP,,0.995,0.102,0.47,True,"shares renormalized across active teammates + OTHER bucket per sim; Out=0; QB inactive -> backup proxy (ypa x0.92, int x1.15)"
MIN,Justin Jefferson,WR,Ankle,DNP,Out,0.0,0.251,0.003,True,"shares renormalized across active teammates + OTHER bucket per sim; Out=0; QB inactive -> backup proxy (ypa x0.92, int x1.15)"
MIN,Adam Thielen,WR,Retired,None,Out,0.0,,,False,"shares renormalized across active teammates + OTHER bucket per sim; Out=0; QB inactive -> backup proxy (ypa x0.92, int x1.15)"
MIN,C.J. Ham,RB,Retired,None,Out,0.0,,,False,"shares renormalized across active teammates + OTHER bucket per sim; Out=0; QB inactive -> backup proxy (ypa x0.92, int x1.15)"
MIN,Josh Oliver,TE,Reserve (IR/PUP/NFI),None,Out,0.0,0.072,0.003,True,"shares renormalized across active teammates + OTHER bucket per sim; Out=0; QB inactive -> backup proxy (ypa x0.92, int x1.15)"
MIN,Jaret Patterson,RB,Released,None,Out,0.0,,,False,"shares renormalized across active teammates + OTHER bucket per sim; Out=0; QB inactive -> backup proxy (ypa x0.92, int x1.15)"
MIN,Jerome Ford,RB,Released,None,Out,0.0,,,False,"shares renormalized across active teammates + OTHER bucket per sim; Out=0; QB inactive -> backup proxy (ypa x0.92, int x1.15)"
MIN,Jordan Mason,RB,Reserve (IR/PUP/NFI),None,Out,0.0,0.02,0.279,True,"shares renormalized across active teammates + OTHER bucket per sim; Out=0; QB inactive -> backup proxy (ypa x0.92, int x1.15)"
MIN,Ben Yurosek,TE,Reserve (IR/PUP/NFI),None,Out,0.0,,,False,"shares renormalized across active teammates + OTHER bucket per sim; Out=0; QB inactive -> backup proxy (ypa x0.92, int x1.15)"
NE,Reggie Gilliam,FB,Knee,LP,Questionable,0.647,0.018,0.003,True,"shares renormalized across active teammates + OTHER bucket per sim; Out=0; QB inactive -> backup proxy (ypa x0.92, int x1.15)"
NE,Drake Maye,QB,Shoulder,FP,,0.98,0.001,0.135,True,"shares renormalized across active teammates + OTHER bucket per sim; Out=0; QB inactive -> backup proxy (ypa x0.92, int x1.15)"
NE,Eli Raridon,TE,Thigh,LP,Questionable,0.667,0.021,0.004,True,"shares renormalized across active teammates + OTHER bucket per sim; Out=0; QB inactive -> backup proxy (ypa x0.92, int x1.15)"
NE,A.J. Brown,WR,Reserve (IR/PUP/NFI),None,Out,0.0,0.145,0.005,True,"shares renormalized across active teammates + OTHER bucket per sim; Out=0; QB inactive -> backup proxy (ypa x0.92, int x1.15)"
NE,Julian Hill,TE,Reserve (IR/PUP/NFI),None,Out,0.0,,,False,"shares renormalized across active teammates + OTHER bucket per sim; Out=0; QB inactive -> backup proxy (ypa x0.92, int x1.15)"
NE,Jeremiah Webb,WR,Reserve (IR/PUP/NFI),None,Out,0.0,,,False,"shares renormalized across active teammates + OTHER bucket per sim; Out=0; QB inactive -> backup proxy (ypa x0.92, int x1.15)"
NE,Myles Montgomery,RB,Reserve (IR/PUP/NFI),None,Out,0.0,,,False,"shares renormalized across active teammates + OTHER bucket per sim; Out=0; QB inactive -> backup proxy (ypa x0.92, int x1.15)"
NO,Noah Fant,TE,Abdomen,LP,Questionable,0.667,0.071,0.003,True,"shares renormalized across active teammates + OTHER bucket per sim; Out=0; QB inactive -> backup proxy (ypa x0.92, int x1.15)"
NO,Treyton Welch,TE,Not injury related - personal matter,DNP,,0.806,0.004,0.004,True,"shares renormalized across active teammates + OTHER bucket per sim; Out=0; QB inactive -> backup proxy (ypa x0.92, int x1.15)"
NO,Barion Brown,WR,Hamstring,FP,,0.948,0.009,0.009,True,"shares renormalized across active teammates + OTHER bucket per sim; Out=0; QB inactive -> backup proxy (ypa x0.92, int x1.15)"
NO,Travis Etienne,RB,Reserve (IR/PUP/NFI),None,Out,0.0,0.087,0.369,True,"shares renormalized across active teammates + OTHER bucket per sim; Out=0; QB inactive -> backup proxy (ypa x0.92, int x1.15)"
NO,Ty Chandler,RB,Reserve (IR/PUP/NFI),None,Out,0.0,,,False,"shares renormalized across active teammates + OTHER bucket per sim; Out=0; QB inactive -> backup proxy (ypa x0.92, int x1.15)"
NO,Mason Tipton,WR,Reserve (IR/PUP/NFI),None,Out,0.0,,,False,"shares renormalized across active teammates + OTHER bucket per sim; Out=0; QB inactive -> backup proxy (ypa x0.92, int x1.15)"
NO,Ja'Lynn Polk,WR,Retired,None,Out,0.0,,,False,"shares renormalized across active teammates + OTHER bucket per sim; Out=0; QB inactive -> backup proxy (ypa x0.92, int x1.15)"
NO,Moliki Matavao,TE,Reserve (IR/PUP/NFI),None,Out,0.0,,,False,"shares renormalized across active teammates + OTHER bucket per sim; Out=0; QB inactive -> backup proxy (ypa x0.92, int x1.15)"
NO,Jordyn Tyson,WR,Reserve (IR/PUP/NFI),None,Out,0.0,,,False,"shares renormalized across active teammates + OTHER bucket per sim; Out=0; QB inactive -> backup proxy (ypa x0.92, int x1.15)"
NO,Brock Rechsteiner,WR,Reserve (IR/PUP/NFI),None,Out,0.0,,,False,"shares renormalized across active teammates + OTHER bucket per sim; Out=0; QB inactive -> backup proxy (ypa x0.92, int x1.15)"
NYG,Patrick Ricard,FB,Nose,FP,,0.951,0.012,0.002,True,"shares renormalized across active teammates + OTHER bucket per sim; Out=0; QB inactive -> backup proxy (ypa x0.92, int x1.15)"
NYG,Tyrone Tracy Jr.,RB,Knee,FP,,0.951,0.039,0.06,True,"shares renormalized across active teammates + OTHER bucket per sim; Out=0; QB inactive -> backup proxy (ypa x0.92, int x1.15)"
NYG,Odell Beckham Jr.,WR,Released,None,Out,0.0,0.024,0.003,True,"shares renormalized across active teammates + OTHER bucket per sim; Out=0; QB inactive -> backup proxy (ypa x0.92, int x1.15)"
NYG,Gunner Olszewski,WR,Reserve (IR/PUP/NFI),None,Out,0.0,,,False,"shares renormalized across active teammates + OTHER bucket per sim; Out=0; QB inactive -> backup proxy (ypa x0.92, int x1.15)"
NYG,Calvin Austin III,WR,Reserve (IR/PUP/NFI),None,Out,0.0,,,False,"shares renormalized across active teammates + OTHER bucket per sim; Out=0; QB inactive -> backup proxy (ypa x0.92, int x1.15)"
NYG,Jaxson Dart,QB,Reserve (IR/PUP/NFI),None,Out,0.0,0.001,0.121,True,"shares renormalized across active teammates + OTHER bucket per sim; Out=0; QB inactive -> backup proxy (ypa x0.92, int x1.15)"
NYG,Devin Singletary,RB,Manual override (ESPN game summary injuries (Out)),None,Out,0.0,0.055,0.132,True,"shares renormalized across active teammates + OTHER bucket per sim; Out=0; QB inactive -> backup proxy (ypa x0.92, int x1.15)"
NYJ,Kene Nwangwu,RB,Back,FP,,0.951,,,False,"shares renormalized across active teammates + OTHER bucket per sim; Out=0; QB inactive -> backup proxy (ypa x0.92, int x1.15)"
NYJ,Jeremy Ruckert,TE,Knee,FP,,0.948,0.053,0.004,True,"shares renormalized across active teammates + OTHER bucket per sim; Out=0; QB inactive -> backup proxy (ypa x0.92, int x1.15)"
NYJ,Breece Hall,RB,Quadricep,DNP,Out,0.0,0.082,0.556,True,"shares renormalized across active teammates + OTHER bucket per sim; Out=0; QB inactive -> backup proxy (ypa x0.92, int x1.15)"
NYJ,Adonai Mitchell,WR,Manual override (ESPN game summary injuries (Out)),DNP,Out,0.0,0.143,0.005,True,"shares renormalized across active teammates + OTHER bucket per sim; Out=0; QB inactive -> backup proxy (ypa x0.92, int x1.15)"
NYJ,Mason Taylor,TE,Manual override (ESPN game summary injuries (Out)),DNP,Out,0.0,0.079,0.005,True,"shares renormalized across active teammates + OTHER bucket per sim; Out=0; QB inactive -> backup proxy (ypa x0.92, int x1.15)"
NYJ,Kenyon Sadiq,TE,Back,LP,Questionable,0.667,0.137,0.007,True,"shares renormalized across active teammates + OTHER bucket per sim; Out=0; QB inactive -> backup proxy (ypa x0.92, int x1.15)"
NYJ,Tim Patrick,WR,Reserve (IR/PUP/NFI),None,Out,0.0,,,False,"shares renormalized across active teammates + OTHER bucket per sim; Out=0; QB inactive -> backup proxy (ypa x0.92, int x1.15)"
NYJ,Arian Smith,WR,Reserve (IR/PUP/NFI),None,Out,0.0,0.023,0.005,True,"shares renormalized across active teammates + OTHER bucket per sim; Out=0; QB inactive -> backup proxy (ypa x0.92, int x1.15)"
NYJ,Chip Trayanum,RB,Reserve (IR/PUP/NFI),None,Out,0.0,,,False,"shares renormalized across active teammates + OTHER bucket per sim; Out=0; QB inactive -> backup proxy (ypa x0.92, int x1.15)"
NYJ,Omar Cooper Jr.,WR,Reserve (IR/PUP/NFI),None,Out,0.0,0.022,0.006,True,"shares renormalized across active teammates + OTHER bucket per sim; Out=0; QB inactive -> backup proxy (ypa x0.92, int x1.15)"
PHI,Dallas Goedert,TE,Manual override (ESPN game summary injuries (Out)),DNP,Out,0.0,0.158,0.005,True,"shares renormalized across active teammates + OTHER bucket per sim; Out=0; QB inactive -> backup proxy (ypa x0.92, int x1.15)"
PHI,Marquise Brown,WR,Ankle,DNP,Out,0.0,0.054,0.018,True,"shares renormalized across active teammates + OTHER bucket per sim; Out=0; QB inactive -> backup proxy (ypa x0.92, int x1.15)"
PHI,DeVonta Smith,WR,Hamstring,DNP,Out,0.0,0.226,0.004,True,"shares renormalized across active teammates + OTHER bucket per sim; Out=0; QB inactive -> backup proxy (ypa x0.92, int x1.15)"
PHI,Tank Bigsby,RB,Abdomen,FP,,0.951,0.02,0.152,True,"shares renormalized across active teammates + OTHER bucket per sim; Out=0; QB inactive -> backup proxy (ypa x0.92, int x1.15)"
PHI,Will Shipley,RB,Foot,FP,,0.951,0.037,0.087,True,"shares renormalized across active teammates + OTHER bucket per sim; Out=0; QB inactive -> backup proxy (ypa x0.92, int x1.15)"
PHI,Darius Cooper,WR,Knee,FP,,0.948,0.023,0.004,True,"shares renormalized across active teammates + OTHER bucket per sim; Out=0; QB inactive -> backup proxy (ypa x0.92, int x1.15)"
PHI,Grant Calcaterra,TE,Reserve (IR/PUP/NFI),None,Out,0.0,,,False,"shares renormalized across active teammates + OTHER bucket per sim; Out=0; QB inactive -> backup proxy (ypa x0.92, int x1.15)"
PHI,Johnny Wilson,WR,Reserve (IR/PUP/NFI),None,Out,0.0,,,False,"shares renormalized across active teammates + OTHER bucket per sim; Out=0; QB inactive -> backup proxy (ypa x0.92, int x1.15)"
PHI,Eli Stowers,TE,Reserve (IR/PUP/NFI),None,Out,0.0,,,False,"shares renormalized across active teammates + OTHER bucket per sim; Out=0; QB inactive -> backup proxy (ypa x0.92, int x1.15)"
PHI,Cole Payton,QB,Manual override (ESPN game summary injuries (Out)),None,Out,0.0,,,False,"shares renormalized across active teammates + OTHER bucket per sim; Out=0; QB inactive -> backup proxy (ypa x0.92, int x1.15)"
PIT,Rico Dowdle,RB,Toe,DNP,Out,0.0,0.082,0.292,True,"shares renormalized across active teammates + OTHER bucket per sim; Out=0; QB inactive -> backup proxy (ypa x0.92, int x1.15)"
PIT,Cole Burgess,WR,Reserve (IR/PUP/NFI),None,Out,0.0,,,False,"shares renormalized across active teammates + OTHER bucket per sim; Out=0; QB inactive -> backup proxy (ypa x0.92, int x1.15)"
SEA,Rashid Shaheed,WR,Hip,FP,,0.948,0.14,0.007,True,"shares renormalized across active teammates + OTHER bucket per sim; Out=0; QB inactive -> backup proxy (ypa x0.92, int x1.15)"
SEA,Zach Charbonnet,RB,Reserve (IR/PUP/NFI),LP,Out,0.0,,,False,"shares renormalized across active teammates + OTHER bucket per sim; Out=0; QB inactive -> backup proxy (ypa x0.92, int x1.15)"
SEA,George Holani,RB,Rib,LP,,0.995,0.048,0.181,True,"shares renormalized across active teammates + OTHER bucket per sim; Out=0; QB inactive -> backup proxy (ypa x0.92, int x1.15)"
SEA,Jadarian Price,RB,Reserve (IR/PUP/NFI),DNP,Out,0.0,0.071,0.299,True,"shares renormalized across active teammates + OTHER bucket per sim; Out=0; QB inactive -> backup proxy (ypa x0.92, int x1.15)"
SEA,Irvin Charles,WR,Reserve (IR/PUP/NFI),None,Out,0.0,,,False,"shares renormalized across active teammates + OTHER bucket per sim; Out=0; QB inactive -> backup proxy (ypa x0.92, int x1.15)"
SEA,Jake Bobo,WR,Reserve (IR/PUP/NFI),None,Out,0.0,,,False,"shares renormalized across active teammates + OTHER bucket per sim; Out=0; QB inactive -> backup proxy (ypa x0.92, int x1.15)"
SEA,Julian Hicks,WR,Released,None,Out,0.0,,,False,"shares renormalized across active teammates + OTHER bucket per sim; Out=0; QB inactive -> backup proxy (ypa x0.92, int x1.15)"
SEA,Robbie Ouzts,RB,Reserve (IR/PUP/NFI),None,Out,0.0,,,False,"shares renormalized across active teammates + OTHER bucket per sim; Out=0; QB inactive -> backup proxy (ypa x0.92, int x1.15)"
SF,Mike Evans,WR,Ribs,LP,Questionable,0.667,0.174,0.004,True,"shares renormalized across active teammates + OTHER bucket per sim; Out=0; QB inactive -> backup proxy (ypa x0.92, int x1.15)"
SF,Christian McCaffrey,RB,Not injury related - resting player,FP,,0.951,0.191,0.443,True,"shares renormalized across active teammates + OTHER bucket per sim; Out=0; QB inactive -> backup proxy (ypa x0.92, int x1.15)"
SF,KhaDarel Hodge,WR,Released,DNP,Out,0.0,0.019,0.004,True,"shares renormalized across active teammates + OTHER bucket per sim; Out=0; QB inactive -> backup proxy (ypa x0.92, int x1.15)"
SF,Demarcus Robinson,WR,Reserve (IR/PUP/NFI),None,Out,0.0,0.081,0.004,True,"shares renormalized across active teammates + OTHER bucket per sim; Out=0; QB inactive -> backup proxy (ypa x0.92, int x1.15)"
SF,Christian Kirk,WR,Reserve (IR/PUP/NFI),None,Out,0.0,,,False,"shares renormalized across active teammates + OTHER bucket per sim; Out=0; QB inactive -> backup proxy (ypa x0.92, int x1.15)"
SF,Jake Tonges,TE,Reserve (IR/PUP/NFI),None,Out,0.0,,,False,"shares renormalized across active teammates + OTHER bucket per sim; Out=0; QB inactive -> backup proxy (ypa x0.92, int x1.15)"
SF,Isaac Guerendo,RB,Reserve (IR/PUP/NFI),None,Out,0.0,,,False,"shares renormalized across active teammates + OTHER bucket per sim; Out=0; QB inactive -> backup proxy (ypa x0.92, int x1.15)"
SF,Ricky Pearsall,WR,Reserve (IR/PUP/NFI),None,Out,0.0,,,False,"shares renormalized across active teammates + OTHER bucket per sim; Out=0; QB inactive -> backup proxy (ypa x0.92, int x1.15)"
SF,De'Zhaun Stribling,WR,Reserve (IR/PUP/NFI),None,Out,0.0,,,False,"shares renormalized across active teammates + OTHER bucket per sim; Out=0; QB inactive -> backup proxy (ypa x0.92, int x1.15)"
TB,Chris Godwin Jr.,WR,Ankle,FP,,0.948,0.133,0.016,True,"shares renormalized across active teammates + OTHER bucket per sim; Out=0; QB inactive -> backup proxy (ypa x0.92, int x1.15)"
TB,Baker Mayfield,QB,Manual override (ESPN game summary injuries (Out)),DNP,Out,0.0,0.001,0.108,True,"shares renormalized across active teammates + OTHER bucket per sim; Out=0; QB inactive -> backup proxy (ypa x0.92, int x1.15)"
TB,Ko Kieft,TE,Manual override (ESPN game summary injuries (Out)),DNP,Out,0.0,0.006,0.004,True,"shares renormalized across active teammates + OTHER bucket per sim; Out=0; QB inactive -> backup proxy (ypa x0.92, int x1.15)"
TB,Bucky Irving,RB,Glute,FP,,0.951,0.127,0.564,True,"shares renormalized across active teammates + OTHER bucket per sim; Out=0; QB inactive -> backup proxy (ypa x0.92, int x1.15)"
TB,David Sills,WR,Reserve (IR/PUP/NFI),None,Out,0.0,,,False,"shares renormalized across active teammates + OTHER bucket per sim; Out=0; QB inactive -> backup proxy (ypa x0.92, int x1.15)"
TB,Jalen McMillan,WR,Reserve (IR/PUP/NFI),None,Out,0.0,0.024,0.005,True,"shares renormalized across active teammates + OTHER bucket per sim; Out=0; QB inactive -> backup proxy (ypa x0.92, int x1.15)"
TEN,Tony Pollard,RB,Foot,FP,,0.951,0.062,0.553,True,"shares renormalized across active teammates + OTHER bucket per sim; Out=0; QB inactive -> backup proxy (ypa x0.92, int x1.15)"
TEN,Tyjae Spears,RB,Ankle,FP,Questionable,0.708,0.084,0.222,True,"shares renormalized across active teammates + OTHER bucket per sim; Out=0; QB inactive -> backup proxy (ypa x0.92, int x1.15)"
TEN,Jaren Kanak,TE,Reserve (IR/PUP/NFI),None,Out,0.0,,,False,"shares renormalized across active teammates + OTHER bucket per sim; Out=0; QB inactive -> backup proxy (ypa x0.92, int x1.15)"
TEN,Kylen Granson,TE,Manual override (ESPN game summary injuries (Out)),None,Out,0.0,,,False,"shares renormalized across active teammates + OTHER bucket per sim; Out=0; QB inactive -> backup proxy (ypa x0.92, int x1.15)"
TEN,Michael Carter,RB,Manual override (ESPN game summary injuries (Out)),None,Out,0.0,,,False,"shares renormalized across active teammates + OTHER bucket per sim; Out=0; QB inactive -> backup proxy (ypa x0.92, int x1.15)"
WAS,Terry McLaurin,WR,Hamstring,LP,Questionable,0.667,0.183,0.003,True,"shares renormalized across active teammates + OTHER bucket per sim; Out=0; QB inactive -> backup proxy (ypa x0.92, int x1.15)"
WAS,Rachaad White,RB,Manual override (ESPN game summary injuries (Out)),DNP,Out,0.0,0.064,0.21,True,"shares renormalized across active teammates + OTHER bucket per sim; Out=0; QB inactive -> backup proxy (ypa x0.92, int x1.15)"
WAS,Chig Okonkwo,TE,Hamstring,LP,,0.958,0.12,0.005,True,"shares renormalized across active teammates + OTHER bucket per sim; Out=0; QB inactive -> backup proxy (ypa x0.92, int x1.15)"
WAS,Jayden Daniels,QB,Elbow,LP,Out,0.0,0.001,0.176,True,"shares renormalized across active teammates + OTHER bucket per sim; Out=0; QB inactive -> backup proxy (ypa x0.92, int x1.15)"
WAS,Ben Sinnott,TE,Rib,LP,,0.958,0.021,0.003,True,"shares renormalized across active teammates + OTHER bucket per sim; Out=0; QB inactive -> backup proxy (ypa x0.92, int x1.15)"
WAS,Jeremy McNichols,RB,Reserve (IR/PUP/NFI),None,Out,0.0,,,False,"shares renormalized across active teammates + OTHER bucket per sim; Out=0; QB inactive -> backup proxy (ypa x0.92, int x1.15)"
WAS,Luke McCaffrey,WR,Manual override (ESPN game summary injuries (Out)),None,Out,0.0,0.04,0.005,True,"shares renormalized across active teammates + OTHER bucket per sim; Out=0; QB inactive -> backup proxy (ypa x0.92, int x1.15)"
