rs,ps,pg,sum,size,p_parent,p
Doubtful,DNP,DB,0,62,0.011320754716981131,0.0018357980622131565
Doubtful,DNP,DL,2,30,0.011320754716981131,0.050853548966756514
Doubtful,DNP,KP,0,3,0.011320754716981131,0.009056603773584906
Doubtful,DNP,LB,0,25,0.011320754716981131,0.003671596124426313
Doubtful,DNP,OL,0,46,0.011320754716981131,0.0023422251138581654
Doubtful,DNP,QB,0,10,0.011320754716981131,0.0061749571183533445
Doubtful,DNP,RB,0,26,0.011320754716981131,0.003574975173783515
Doubtful,DNP,WRTE,0,61,0.011320754716981131,0.0018609459808736108
Doubtful,FP,DB,0,10,0.020833333333333332,0.011363636363636364
Doubtful,FP,DL,0,7,0.020833333333333332,0.013157894736842105
Doubtful,FP,LB,0,9,0.020833333333333332,0.011904761904761904
Doubtful,FP,OL,0,5,0.020833333333333332,0.014705882352941176
Doubtful,FP,QB,0,3,0.020833333333333332,0.016666666666666666
Doubtful,FP,RB,0,7,0.020833333333333332,0.013157894736842105
Doubtful,FP,WRTE,0,5,0.020833333333333332,0.014705882352941176
Doubtful,LP,DB,0,44,0.012658227848101266,0.0027124773960217
Doubtful,LP,DL,0,16,0.012658227848101266,0.0054249547920434
Doubtful,LP,LB,0,21,0.012658227848101266,0.004602991944764097
Doubtful,LP,OL,0,27,0.012658227848101266,0.0038948393378773127
Doubtful,LP,QB,0,4,0.012658227848101266,0.00949367088607595
Doubtful,LP,RB,0,22,0.012658227848101266,0.004467609828741623
Doubtful,LP,WRTE,1,22,0.012658227848101266,0.033879374534623974
Doubtful,None,KP,0,1,0.16666666666666666,0.15384615384615385
Doubtful,None,OL,0,1,0.16666666666666666,0.15384615384615385
Doubtful,None,RB,0,1,0.16666666666666666,0.15384615384615385
Doubtful,None,WRTE,0,1,0.16666666666666666,0.15384615384615385
None,DNP,DB,97,144,0.7987012987012987,0.6832334332334332
None,DNP,DL,246,270,0.7987012987012987,0.9063277148383532
None,DNP,KP,15,17,0.7987012987012987,0.8477384684281236
None,DNP,LB,94,120,0.7987012987012987,0.7847304210940574
None,DNP,OL,131,157,0.7987012987012987,0.8318604472450626
None,DNP,OTH,1,1,0.7987012987012987,0.8141858141858141
None,DNP,QB,4,17,0.7987012987012987,0.46842812360053737
None,DNP,RB,16,31,0.7987012987012987,0.5949864089398973
None,DNP,WRTE,133,165,0.7987012987012987,0.8055616699684496
None,FP,DB,1291,1355,0.9516063440422936,0.9527573344027123
None,FP,DL,1198,1240,0.9516063440422936,0.9659898371633447
None,FP,KP,100,100,0.9516063440422936,0.9948149654331029
None,FP,LB,970,999,0.9516063440422936,0.9707411237670697
None,FP,OL,1283,1351,0.9516063440422936,0.9496839883554714
None,FP,OTH,9,9,0.9516063440422936,0.9723464823098821
None,FP,QB,299,351,0.9516063440422936,0.8551495210151723
None,FP,RB,503,529,0.9516063440422936,0.9508674235277402
None,FP,WRTE,1366,1441,0.9516063440422936,0.9479829842591243
None,LP,DB,211,224,0.957395498392283,0.9427489236470652
None,LP,DL,231,238,0.957395498392283,0.9699549839228295
None,LP,KP,19,21,0.957395498392283,0.9239013933547696
None,LP,LB,140,145,0.957395498392283,0.9648964712146968
None,LP,OL,235,245,0.957395498392283,0.9591001789132584
None,LP,OTH,2,2,0.957395498392283,0.963481855764814
None,LP,QB,11,15,0.957395498392283,0.8329165178039776
None,LP,RB,93,93,0.957395498392283,0.9951309141019752
None,LP,WRTE,248,259,0.957395498392283,0.9575230478992893
None,None,KP,1,1,0.6,0.6307692307692307
None,None,QB,1,1,0.6,0.6307692307692307
None,None,WRTE,0,1,0.6,0.5538461538461538
Note,FP,DB,2,2,0.6666666666666666,0.7142857142857143
Note,FP,DL,1,1,0.6666666666666666,0.6923076923076923
Note,FP,OL,0,1,0.6666666666666666,0.6153846153846154
Note,None,QB,1,1,0.75,0.7692307692307693
Note,None,WRTE,1,1,0.75,0.7692307692307693
Out,DNP,DB,0,714,0.00033647375504710633,5.561549670200105e-06
Out,DNP,DL,0,406,0.00033647375504710633,9.659533637715971e-06
Out,DNP,KP,0,37,0.00033647375504710633,8.240173592990359e-05
Out,DNP,LB,0,402,0.00033647375504710633,9.752862465133517e-06
Out,DNP,OL,0,514,0.00033647375504710633,7.67620733947771e-06
Out,DNP,QB,0,67,0.00033647375504710633,5.110993747550982e-05
Out,DNP,RB,0,214,0.00033647375504710633,1.7865863099846353e-05
Out,DNP,WRTE,0,616,0.00033647375504710633,6.429434809817318e-06
Out,FP,DB,0,39,0.005555555555555556,0.00130718954248366
Out,FP,DL,0,28,0.005555555555555556,0.0016666666666666666
Out,FP,KP,0,2,0.005555555555555556,0.0047619047619047615
Out,FP,LB,0,23,0.005555555555555556,0.0019047619047619048
Out,FP,OL,0,36,0.005555555555555556,0.001388888888888889
Out,FP,QB,0,12,0.005555555555555556,0.002777777777777778
Out,FP,RB,0,6,0.005555555555555556,0.003703703703703704
Out,FP,WRTE,0,32,0.005555555555555556,0.0015151515151515152
Out,LP,DB,0,78,0.002564102564102564,0.0003418803418803419
Out,LP,DL,0,53,0.002564102564102564,0.0004733727810650888
Out,LP,KP,0,6,0.002564102564102564,0.0017094017094017094
Out,LP,LB,0,68,0.002564102564102564,0.0003846153846153846
Out,LP,OL,0,62,0.002564102564102564,0.0004158004158004158
Out,LP,QB,0,31,0.002564102564102564,0.0007155635062611808
Out,LP,RB,0,31,0.002564102564102564,0.0007155635062611808
Out,LP,WRTE,0,59,0.002564102564102564,0.0004333694474539545
Out,None,DB,0,6,0.07142857142857142,0.047619047619047616
Out,None,DL,0,3,0.07142857142857142,0.05714285714285714
Out,None,KP,0,1,0.07142857142857142,0.06593406593406594
Out,None,LB,1,7,0.07142857142857142,0.09774436090225565
Out,None,OL,0,1,0.07142857142857142,0.06593406593406594
Out,None,RB,0,1,0.07142857142857142,0.06593406593406594
Out,None,WRTE,0,7,0.07142857142857142,0.045112781954887216
Questionable,DNP,DB,58,129,0.5194029850746269,0.45555202709854975
Questionable,DNP,DL,70,104,0.5194029850746269,0.657179619145651
Questionable,DNP,KP,7,11,0.5194029850746269,0.5753406878650228
Questionable,DNP,LB,54,85,0.5194029850746269,0.6209570703185106
Questionable,DNP,OL,65,137,0.5194029850746269,0.4780727236301712
Questionable,DNP,QB,3,21,0.5194029850746269,0.2797829036635007
Questionable,DNP,RB,24,48,0.5194029850746269,0.5038805970149254
Questionable,DNP,WRTE,66,133,0.5194029850746269,0.4981574884199691
Questionable,FP,DB,164,234,0.7118155619596542,0.701389377006162
Questionable,FP,DL,102,145,0.7118155619596542,0.7040878136529671
Questionable,FP,KP,14,19,0.7118155619596542,0.7271544110811564
Questionable,FP,LB,117,155,0.7118155619596542,0.751747226009077
Questionable,FP,OL,112,171,0.7118155619596542,0.6586982882159336
Questionable,FP,QB,11,18,0.7118155619596542,0.6513928914505284
Questionable,FP,RB,70,99,0.7118155619596542,0.7075836643559986
Questionable,FP,WRTE,150,198,0.7118155619596542,0.7549608892548374
Questionable,LP,DB,367,566,0.6695212144803425,0.6488481913040901
Questionable,LP,DL,289,377,0.6695212144803425,0.7635842019891108
Questionable,LP,KP,17,25,0.6695212144803425,0.6766014749665975
Questionable,LP,LB,238,329,0.6695212144803425,0.721508077928927
Questionable,LP,OL,322,492,0.6695212144803425,0.6548298701860399
Questionable,LP,QB,23,77,0.6695212144803425,0.3486994895928552
Questionable,LP,RB,133,206,0.6695212144803425,0.6469461218980005
Questionable,LP,WRTE,330,495,0.6695212144803425,0.6667342299285288
Questionable,None,DB,10,16,0.6585365853658537,0.6393728222996515
Questionable,None,DL,4,10,0.6585365853658537,0.541019955654102
Questionable,None,KP,4,4,0.6585365853658537,0.7439024390243902
Questionable,None,LB,7,8,0.6585365853658537,0.7451219512195122
Questionable,None,OL,8,15,0.6585365853658537,0.5889792231255646
Questionable,None,QB,1,3,0.6585365853658537,0.5934959349593496
Questionable,None,RB,6,7,0.6585365853658537,0.7317073170731707
Questionable,None,WRTE,13,17,0.6585365853658537,0.7207737594617325
