rs,ps,sum,size,p_parent
Doubtful,DNP,2,263,0.011320754716981131
Doubtful,FP,0,46,0.020833333333333332
Doubtful,LP,1,156,0.012658227848101266
Doubtful,None,0,4,0.16666666666666666
None,DNP,737,922,0.7987012987012987
None,FP,7019,7375,0.9516063440422936
None,LP,1190,1242,0.957395498392283
None,None,2,3,0.6
Note,FP,3,4,0.6666666666666666
Note,None,2,2,0.75
Out,DNP,0,2970,0.00033647375504710633
Out,FP,0,178,0.005555555555555556
Out,LP,0,388,0.002564102564102564
Out,None,1,26,0.07142857142857142
Questionable,DNP,347,668,0.5194029850746269
Questionable,FP,740,1039,0.7118155619596542
Questionable,LP,1719,2567,0.6695212144803425
Questionable,None,53,80,0.6585365853658537
