away,home,date,time_edt,note,home_win_prob,away_win_prob,fair_spread_home,median_margin_home,mean_margin_home,total_median,total_mean,total_p25,total_p75,tie_prob,ot_prob,PIT_pts_mean,PIT_pts_p25,PIT_pts_p50,PIT_pts_p75,PIT_pts_p90,CLE_pts_mean,CLE_pts_p25,CLE_pts_p50,CLE_pts_p75,CLE_pts_p90,ml_fair_home_american,ml_fair_away_american,IND_pts_mean,IND_pts_p25,IND_pts_p50,IND_pts_p75,IND_pts_p90,WAS_pts_mean,WAS_pts_p25,WAS_pts_p50,WAS_pts_p75,WAS_pts_p90,TEN_pts_mean,TEN_pts_p25,TEN_pts_p50,TEN_pts_p75,TEN_pts_p90,BAL_pts_mean,BAL_pts_p25,BAL_pts_p50,BAL_pts_p75,BAL_pts_p90,NE_pts_mean,NE_pts_p25,NE_pts_p50,NE_pts_p75,NE_pts_p90,BUF_pts_mean,BUF_pts_p25,BUF_pts_p50,BUF_pts_p75,BUF_pts_p90,NYJ_pts_mean,NYJ_pts_p25,NYJ_pts_p50,NYJ_pts_p75,NYJ_pts_p90,CHI_pts_mean,CHI_pts_p25,CHI_pts_p50,CHI_pts_p75,CHI_pts_p90,JAX_pts_mean,JAX_pts_p25,JAX_pts_p50,JAX_pts_p75,JAX_pts_p90,CIN_pts_mean,CIN_pts_p25,CIN_pts_p50,CIN_pts_p75,CIN_pts_p90,DAL_pts_mean,DAL_pts_p25,DAL_pts_p50,DAL_pts_p75,DAL_pts_p90,HOU_pts_mean,HOU_pts_p25,HOU_pts_p50,HOU_pts_p75,HOU_pts_p90,ARI_pts_mean,ARI_pts_p25,ARI_pts_p50,ARI_pts_p75,ARI_pts_p90,NYG_pts_mean,NYG_pts_p25,NYG_pts_p50,NYG_pts_p75,NYG_pts_p90,LA_pts_mean,LA_pts_p25,LA_pts_p50,LA_pts_p75,LA_pts_p90,PHI_pts_mean,PHI_pts_p25,PHI_pts_p50,PHI_pts_p75,PHI_pts_p90,GB_pts_mean,GB_pts_p25,GB_pts_p50,GB_pts_p75,GB_pts_p90,TB_pts_mean,TB_pts_p25,TB_pts_p50,TB_pts_p75,TB_pts_p90,MIA_pts_mean,MIA_pts_p25,MIA_pts_p50,MIA_pts_p75,MIA_pts_p90,MIN_pts_mean,MIN_pts_p25,MIN_pts_p50,MIN_pts_p75,MIN_pts_p90,KC_pts_mean,KC_pts_p25,KC_pts_p50,KC_pts_p75,KC_pts_p90,LV_pts_mean,LV_pts_p25,LV_pts_p50,LV_pts_p75,LV_pts_p90,LAC_pts_mean,LAC_pts_p25,LAC_pts_p50,LAC_pts_p75,LAC_pts_p90,SEA_pts_mean,SEA_pts_p25,SEA_pts_p50,SEA_pts_p75,SEA_pts_p90,DEN_pts_mean,DEN_pts_p25,DEN_pts_p50,DEN_pts_p75,DEN_pts_p90,SF_pts_mean,SF_pts_p25,SF_pts_p50,SF_pts_p75,SF_pts_p90,DET_pts_mean,DET_pts_p25,DET_pts_p50,DET_pts_p75,DET_pts_p90,CAR_pts_mean,CAR_pts_p25,CAR_pts_p50,CAR_pts_p75,CAR_pts_p90,ATL_pts_mean,ATL_pts_p25,ATL_pts_p50,ATL_pts_p75,ATL_pts_p90,NO_pts_mean,NO_pts_p25,NO_pts_p50,NO_pts_p75,NO_pts_p90
PIT,CLE,2026-10-01,20:15,PLAYED (final score in nflverse),0.419725,0.580275,3.0,-3.0,-2.544,37.0,38.6234,29.0,47.0,0.05245,0.05245,20.5837,13.0,20.0,27.0,34.0,18.0397,12.0,17.0,24.0,30.0,138,-138,,,,,,,,,,,,,,,,,,,,,,,,,,,,,,,,,,,,,,,,,,,,,,,,,,,,,,,,,,,,,,,,,,,,,,,,,,,,,,,,,,,,,,,,,,,,,,,,,,,,,,,,,,,,,,,,,,,,,,,,,,,,,,,,,,,,,,,,,,,,,,,,,,,,,,
IND,WAS,2026-10-04,09:30,PLAYED (final score in nflverse),0.37520000000000003,0.6248,4.0,-4.0,-4.5206,46.0,46.5412,37.0,56.0,0.0442,0.0442,,,,,,,,,,,167,-167,25.5309,18.0,25.0,33.0,40.0,21.0103,13.0,20.0,27.0,34.0,,,,,,,,,,,,,,,,,,,,,,,,,,,,,,,,,,,,,,,,,,,,,,,,,,,,,,,,,,,,,,,,,,,,,,,,,,,,,,,,,,,,,,,,,,,,,,,,,,,,,,,,,,,,,,,,,,,,,,,,,,,,,,,,,,,,,,,,,,,,
TEN,BAL,2026-10-04,13:00,PLAYED (final score in nflverse),0.8030750000000001,0.1969249999999999,-11.0,11.0,11.6231,42.0,42.5237,33.0,51.0,0.03455,0.03455,,,,,,,,,,,-408,408,,,,,,,,,,,15.4503,10.0,14.0,20.0,27.0,27.0734,20.0,27.0,34.0,41.0,,,,,,,,,,,,,,,,,,,,,,,,,,,,,,,,,,,,,,,,,,,,,,,,,,,,,,,,,,,,,,,,,,,,,,,,,,,,,,,,,,,,,,,,,,,,,,,,,,,,,,,,,,,,,,,,,,,,,,,,,,,,,,,,,,
NE,BUF,2026-10-04,13:00,PLAYED (final score in nflverse),0.6861499999999999,0.3138500000000001,-7.0,7.0,6.9275,49.0,49.5272,40.0,59.0,0.043,0.043,,,,,,,,,,,-219,219,,,,,,,,,,,,,,,,,,,,,21.29985,14.0,20.0,27.0,34.0,28.22735,20.0,27.0,35.0,41.0,,,,,,,,,,,,,,,,,,,,,,,,,,,,,,,,,,,,,,,,,,,,,,,,,,,,,,,,,,,,,,,,,,,,,,,,,,,,,,,,,,,,,,,,,,,,,,,,,,,,,,,,,,,,,,,,,,,,,,,,
NYJ,CHI,2026-10-04,13:00,PLAYED (final score in nflverse),0.5972000000000001,0.40279999999999994,-3.0,3.0,3.3698,43.0,43.3802,33.0,53.0,0.0482,0.0482,,,,,,,,,,,-148,148,,,,,,,,,,,,,,,,,,,,,,,,,,,,,,,20.0052,13.0,20.0,27.0,33.0,23.375,16.0,23.0,30.0,37.0,,,,,,,,,,,,,,,,,,,,,,,,,,,,,,,,,,,,,,,,,,,,,,,,,,,,,,,,,,,,,,,,,,,,,,,,,,,,,,,,,,,,,,,,,,,,,,,,,,,,,,,,,,,,,,
JAX,CIN,2026-10-04,13:00,PLAYED (final score in nflverse),0.5714,0.4286,-3.0,3.0,2.58975,51.0,51.48885,41.0,61.0,0.0435,0.0435,,,,,,,,,,,-133,133,,,,,,,,,,,,,,,,,,,,,,,,,,,,,,,,,,,,,,,,,24.44955,17.0,24.0,31.0,38.0,27.0393,20.0,27.0,34.0,41.0,,,,,,,,,,,,,,,,,,,,,,,,,,,,,,,,,,,,,,,,,,,,,,,,,,,,,,,,,,,,,,,,,,,,,,,,,,,,,,,,,,,,,,,,,,,,,,,,,,,,
DAL,HOU,2026-10-04,13:00,PLAYED (final score in nflverse),0.5861999999999999,0.41380000000000006,-3.0,3.0,3.03755,48.0,48.43445,38.0,58.0,0.0471,0.0471,,,,,,,,,,,-142,142,,,,,,,,,,,,,,,,,,,,,,,,,,,,,,,,,,,,,,,,,,,,,,,,,,,22.69845,16.0,23.0,30.0,36.0,25.736,19.0,26.0,33.0,40.0,,,,,,,,,,,,,,,,,,,,,,,,,,,,,,,,,,,,,,,,,,,,,,,,,,,,,,,,,,,,,,,,,,,,,,,,,,,,,,,,,,,,,,,,,,
ARI,NYG,2026-10-04,13:00,PLAYED (final score in nflverse),0.427475,0.572525,3.0,-3.0,-2.4848,44.0,44.4123,34.0,54.0,0.04805,0.04805,,,,,,,,,,,134,-134,,,,,,,,,,,,,,,,,,,,,,,,,,,,,,,,,,,,,,,,,,,,,,,,,,,,,,,,,,,,,23.44855,16.0,23.0,30.0,37.0,20.96375,13.0,20.0,27.0,34.0,,,,,,,,,,,,,,,,,,,,,,,,,,,,,,,,,,,,,,,,,,,,,,,,,,,,,,,,,,,,,,,,,,,,,,,,,,,,,,,,
LA,PHI,2026-10-04,13:00,PLAYED (final score in nflverse),0.404175,0.595825,3.0,-3.0,-3.41215,42.0,42.43385,33.0,51.0,0.05015,0.05015,,,,,,,,,,,147,-147,,,,,,,,,,,,,,,,,,,,,,,,,,,,,,,,,,,,,,,,,,,,,,,,,,,,,,,,,,,,,,,,,,,,,,,22.923,16.0,23.0,30.0,37.0,19.51085,13.0,20.0,26.0,33.0,,,,,,,,,,,,,,,,,,,,,,,,,,,,,,,,,,,,,,,,,,,,,,,,,,,,,,,,,,,,,,,,,,,,,,
GB,TB,2026-10-04,13:00,PLAYED (final score in nflverse),0.40449999999999997,0.5955,3.0,-3.0,-2.99335,38.0,38.51835,29.0,47.0,0.0505,0.0505,,,,,,,,,,,147,-147,,,,,,,,,,,,,,,,,,,,,,,,,,,,,,,,,,,,,,,,,,,,,,,,,,,,,,,,,,,,,,,,,,,,,,,,,,,,,,,,,20.75585,13.0,20.0,27.0,34.0,17.7625,12.0,17.0,23.0,30.0,,,,,,,,,,,,,,,,,,,,,,,,,,,,,,,,,,,,,,,,,,,,,,,,,,,,,,,,,,,,
MIA,MIN,2026-10-04,16:05,PLAYED (final score in nflverse),0.7785000000000001,0.22149999999999992,-10.0,10.0,9.93215,37.0,38.43495,29.0,47.0,0.0418,0.0418,,,,,,,,,,,-351,351,,,,,,,,,,,,,,,,,,,,,,,,,,,,,,,,,,,,,,,,,,,,,,,,,,,,,,,,,,,,,,,,,,,,,,,,,,,,,,,,,,,,,,,,,,,14.2514,9.0,13.0,20.0,26.0,24.18355,17.0,23.0,30.0,37.0,,,,,,,,,,,,,,,,,,,,,,,,,,,,,,,,,,,,,,,,,,,,,,,,,,
KC,LV,2026-10-04,16:25,PLAYED (final score in nflverse),0.3755,0.6245,4.0,-4.0,-4.3999,47.0,47.3823,37.0,57.0,0.0431,0.0431,,,,,,,,,,,166,-166,,,,,,,,,,,,,,,,,,,,,,,,,,,,,,,,,,,,,,,,,,,,,,,,,,,,,,,,,,,,,,,,,,,,,,,,,,,,,,,,,,,,,,,,,,,,,,,,,,,,,25.8911,19.0,26.0,33.0,40.0,21.4912,14.0,20.0,27.0,34.0,,,,,,,,,,,,,,,,,,,,,,,,,,,,,,,,,,,,,,,,
LAC,SEA,2026-10-04,16:25,PLAYED (final score in nflverse),0.69645,0.30355,-7.0,7.0,6.90515,41.0,42.29465,33.0,51.0,0.0447,0.0447,,,,,,,,,,,-229,229,,,,,,,,,,,,,,,,,,,,,,,,,,,,,,,,,,,,,,,,,,,,,,,,,,,,,,,,,,,,,,,,,,,,,,,,,,,,,,,,,,,,,,,,,,,,,,,,,,,,,,,,,,,,,,,17.69475,10.0,17.0,24.0,30.0,24.5999,17.0,24.0,31.0,38.0,,,,,,,,,,,,,,,,,,,,,,,,,,,,,,
DEN,SF,2026-10-04,16:25,PLAYED (final score in nflverse),0.580725,0.41927499999999995,-3.0,3.0,2.87825,48.0,48.65915,38.0,58.0,0.04475,0.04475,,,,,,,,,,,-139,139,,,,,,,,,,,,,,,,,,,,,,,,,,,,,,,,,,,,,,,,,,,,,,,,,,,,,,,,,,,,,,,,,,,,,,,,,,,,,,,,,,,,,,,,,,,,,,,,,,,,,,,,,,,,,,,,,,,,,,,,,22.89045,16.0,23.0,30.0,37.0,25.7687,17.0,24.0,34.0,40.0,,,,,,,,,,,,,,,,,,,,
DET,CAR,2026-10-04,20:20,PLAYED (final score in nflverse),0.375825,0.6241749999999999,4.0,-4.0,-4.52665,52.0,52.33655,42.0,62.0,0.04195,0.04195,,,,,,,,,,,166,-166,,,,,,,,,,,,,,,,,,,,,,,,,,,,,,,,,,,,,,,,,,,,,,,,,,,,,,,,,,,,,,,,,,,,,,,,,,,,,,,,,,,,,,,,,,,,,,,,,,,,,,,,,,,,,,,,,,,,,,,,,,,,,,,,,,,28.4316,20.0,27.0,36.0,43.0,23.90495,17.0,23.0,30.0,37.0,,,,,,,,,,
ATL,NO,2026-10-05,20:15,,0.5438000000000001,0.45619999999999994,-1.0,1.0,1.46965,47.0,47.47395,37.0,57.0,0.0479,0.0479,,,,,,,,,,,-119,119,,,,,,,,,,,,,,,,,,,,,,,,,,,,,,,,,,,,,,,,,,,,,,,,,,,,,,,,,,,,,,,,,,,,,,,,,,,,,,,,,,,,,,,,,,,,,,,,,,,,,,,,,,,,,,,,,,,,,,,,,,,,,,,,,,,,,,,,,,,,,23.00215,16.0,23.0,30.0,37.0,24.4718,17.0,24.0,31.0,38.0
